Applicability,Service,Reporting period,Category of illegal content,"Description of the sub-category ""Other""",Number of notices received,Number of notices received from Trusted flaggers,Number of specific items of information included in the total number of notices,Number of specific items of information included in the total number of notices by Trusted Flaggers (Trusted Flagger notices),Median time to take action,Median time to take action (Trusted Flagger notices),Number of actions taken on the basis of the law,Number of actions taken on the basis of the law (Trusted Flagger notices),Number of actions taken on the basis of the terms and conditions of the service,Number of actions taken on the basis of the terms and conditions of the service (Trusted Flagger notices),Contextual information on Number of notices received ,Contextual information on Number of notices received from Trusted flaggers,Contextual information on Number of specific items of information included in the total number of notices,Contextual information on Number of specific items of information included in the total number of notices by Trusted Flaggers (Trusted Flagger notices),Contextual information on Median time to take action,Contextual information on Median time to take action (Trusted Flagger notices),Contextual information on Number of actions taken on the basis of the law,Contextual information on Number of actions taken on the basis of the law (Trusted Flagger notices),Contextual information on Number of actions taken on the basis of the terms and conditions of the service,Contextual information on Number of actions taken on the basis of the terms and conditions of the service (Trusted Flagger notices)
"Only for providers of hosting services, including online platforms",Pinterest,2025-07-01/2025-12-31,TOTAL,,"7,618",27,"8,011",378,9.95,2.88,78,0,"1,284",362,"This includes the total number of notices received during the reporting period through our European Union Illegal Content Reporting Form.

Please note the total number of notices received does not equal the total numbers outlined in the rows below. This is because one notice can contain multiple items with separate reporting reasons per item. When one notice includes multiple reporting reasons, we count them separately.","This is the total number of notices received from Trusted Flaggers during the reporting period.

Please note the total number of notices received does not equal the total numbers outlined in the rows below. This is because one notice can contain multiple items with separate reporting reasons per item. When one notice includes multiple reporting reasons, we count them separately.",This is the total number of specific items of information that were included in the total number of notices received.,This is the total number of specific items of information that were included in the total number of notices received from Trusted Flaggers.,"The median time to take action is calculated based on the time the notice was received until the time the notice was addressed. This includes notices that Pinterest took no action on after determining no violation was found and the content was not illegal.

The median time is indicated in hours.","The median time to take action is calculated based on the time the notice was received until the time the notice was addressed. This includes notices that Pinterest took no action on after determining no violation was found and the content was not illegal.

The median time is indicated in hours.","This is the total number of actions that were taken following receipt of a notice, that were based on the illegality of the content. ","This is the total number of actions that were taken following receipt of a notice from a Trusted Flagger, that were based on the illegality of the content. ","This is the total number of actions that were taken following receipt of notice, that were based on the incompatibility of the information with Pinterest’s Terms of Service. ","This is the total number of actions that were taken following receipt of notice from a Trusted Flagger, that were based on the incompatibility of the information with Pinterest’s Terms of Service. "
"Only for providers of hosting services, including online platforms",Pinterest,2025-07-01/2025-12-31,STATEMENT_CATEGORY_ANIMAL_WELFARE,,,,,,,,,,,,,,,,,,,,,
"Only for providers of hosting services, including online platforms",Pinterest,2025-07-01/2025-12-31,KEYWORD_ANIMAL_HARM,,,,,,,,,,,,,,,,,,,,,
"Only for providers of hosting services, including online platforms",Pinterest,2025-07-01/2025-12-31,KEYWORD_UNLAWFUL_SALE_ANIMALS,,,,,,,,,,,,,,,,,,,,,
"Only for providers of hosting services, including online platforms",Pinterest,2025-07-01/2025-12-31,KEYWORD_OTHER,,,,,,,,,,,,,,,,,,,,,
"Only for providers of hosting services, including online platforms",Pinterest,2025-07-01/2025-12-31,STATEMENT_CATEGORY_CONSUMER_INFORMATION,,,,,,,,,,,,,,,,,,,,,
"Only for providers of hosting services, including online platforms",Pinterest,2025-07-01/2025-12-31,KEYWORD_HIDDEN_ADVERTISEMENT,,,,,,,,,,,,,,,,,,,,,
"Only for providers of hosting services, including online platforms",Pinterest,2025-07-01/2025-12-31,KEYWORD_INSUFFICIENT_INFORMATION_ON_TRADERS,,,,,,,,,,,,,,,,,,,,,
"Only for providers of hosting services, including online platforms",Pinterest,2025-07-01/2025-12-31,KEYWORD_MISLEADING_INFO_GOODS_SERVICES,,,,,,,,,,,,,,,,,,,,,
"Only for providers of hosting services, including online platforms",Pinterest,2025-07-01/2025-12-31,KEYWORD_MISLEADING_INFO_CONSUMER_RIGHTS,,,,,,,,,,,,,,,,,,,,,
"Only for providers of hosting services, including online platforms",Pinterest,2025-07-01/2025-12-31,KEYWORD_NONCOMPLIANCE_PRICING,,,,,,,,,,,,,,,,,,,,,
"Only for providers of hosting services, including online platforms",Pinterest,2025-07-01/2025-12-31,KEYWORD_OTHER,,,,,,,,,,,,,,,,,,,,,
"Only for providers of hosting services, including online platforms",Pinterest,2025-07-01/2025-12-31,STATEMENT_CATEGORY_CYBER_VIOLENCE,,235,2,239,3,14.62,51.31,,,,,,,,,,,,,,
"Only for providers of hosting services, including online platforms",Pinterest,2025-07-01/2025-12-31,KEYWORD_CYBER_BULLYING_INTIMIDATION,,,,,,,,,,,,,,,,,,,,,
"Only for providers of hosting services, including online platforms",Pinterest,2025-07-01/2025-12-31,KEYWORD_CYBER_HARASSMENT,,235,2,239,3,14.62,51.31,,,,,,,,,,,,,,
"Only for providers of hosting services, including online platforms",Pinterest,2025-07-01/2025-12-31,KEYWORD_CYBER_INCITEMENT,,,,,,,,,,,,,,,,,,,,,
"Only for providers of hosting services, including online platforms",Pinterest,2025-07-01/2025-12-31,KEYWORD_CYBER_STALKING,,,,,,,,,,,,,,,,,,,,,
"Only for providers of hosting services, including online platforms",Pinterest,2025-07-01/2025-12-31,KEYWORD_NON_CONSENSUAL_IMAGE_SHARING,,,,,,,,,,,,,,,,,,,,,
"Only for providers of hosting services, including online platforms",Pinterest,2025-07-01/2025-12-31,KEYWORD_NON_CONSENSUAL_MATERIAL_DEEPFAKE,,,,,,,,,,,,,,,,,,,,,
"Only for providers of hosting services, including online platforms",Pinterest,2025-07-01/2025-12-31,KEYWORD_OTHER,,,,,,,,,,,,,,,,,,,,,
"Only for providers of hosting services, including online platforms",Pinterest,2025-07-01/2025-12-31,STATEMENT_CATEGORY_CYBER_VIOLENCE_AGAINST_WOMEN,,,,,,,,,,,,,,,,,,,,,
"Only for providers of hosting services, including online platforms",Pinterest,2025-07-01/2025-12-31,KEYWORD_BULLYING_AGAINST_GIRLS,,,,,,,,,,,,,,,,,,,,,
"Only for providers of hosting services, including online platforms",Pinterest,2025-07-01/2025-12-31,KEYWORD_CYBER_HARASSMENT_AGAINST_WOMEN,,,,,,,,,,,,,,,,,,,,,
"Only for providers of hosting services, including online platforms",Pinterest,2025-07-01/2025-12-31,KEYWORD_CYBER_STALKING_AGAINST_WOMEN,,,,,,,,,,,,,,,,,,,,,
"Only for providers of hosting services, including online platforms",Pinterest,2025-07-01/2025-12-31,KEYWORD_FEMALE_GENDERED_DISINFORMATION,,,,,,,,,,,,,,,,,,,,,
"Only for providers of hosting services, including online platforms",Pinterest,2025-07-01/2025-12-31,KEYWORD_INCITEMENT_AGAINST_WOMEN,,,,,,,,,,,,,,,,,,,,,
"Only for providers of hosting services, including online platforms",Pinterest,2025-07-01/2025-12-31,KEYWORD_NON_CONSENSUAL_IMAGE_SHARING_AGAINST_WOMEN,,,,,,,,,,,,,,,,,,,,,
"Only for providers of hosting services, including online platforms",Pinterest,2025-07-01/2025-12-31,KEYWORD_NON_CONSENSUAL_MATERIAL_DEEPFAKE_AGAINST_WOMEN,,,,,,,,,,,,,,,,,,,,,
"Only for providers of hosting services, including online platforms",Pinterest,2025-07-01/2025-12-31,KEYWORD_OTHER,,,,,,,,,,,,,,,,,,,,,
"Only for providers of hosting services, including online platforms",Pinterest,2025-07-01/2025-12-31,STATEMENT_CATEGORY_DATA_PROTECTION_AND_PRIVACY_VIOLATIONS,,"1,416",2,"1,438",11,10.57,5.92,,,,,,,,,,,,,,
"Only for providers of hosting services, including online platforms",Pinterest,2025-07-01/2025-12-31,KEYWORD_BIOMETRIC_DATA_BREACH,,,,,,,,,,,,,,,,,,,,,
"Only for providers of hosting services, including online platforms",Pinterest,2025-07-01/2025-12-31,KEYWORD_DATA_FALSIFICATION,,,,,,,,,,,,,,,,,,,,,
"Only for providers of hosting services, including online platforms",Pinterest,2025-07-01/2025-12-31,KEYWORD_MISSING_PROCESSING_GROUND,,,,,,,,,,,,,,,,,,,,,
"Only for providers of hosting services, including online platforms",Pinterest,2025-07-01/2025-12-31,KEYWORD_RIGHT_TO_BE_FORGOTTEN,,,,,,,,,,,,,,,,,,,,,
"Only for providers of hosting services, including online platforms",Pinterest,2025-07-01/2025-12-31,KEYWORD_OTHER,This subcategory encompasses notices received through our European Union Illegal Content Reporting Form for violations of privacy.,"1,416",2,"1,438",11,10.50,5.92,,,,,,,,,,,,,,
"Only for providers of hosting services, including online platforms",Pinterest,2025-07-01/2025-12-31,STATEMENT_CATEGORY_ILLEGAL_OR_HARMFUL_SPEECH,,617,0,621,0,16.10,0,,,,,,,,,,"During the reporting period, we did not receive any notices related to this category. The median time is listed as 0 - as it applies to Pinterest - but the result of that practice during the reporting period is zero.",,,,
"Only for providers of hosting services, including online platforms",Pinterest,2025-07-01/2025-12-31,KEYWORD_DEFAMATION,,177,0,180,0,16.26,0,,,,,,,,,,"During the reporting period, we did not receive any notices related to this category. The median time is listed as 0 - as it applies to Pinterest - but the result of that practice during the reporting period is zero.",,,,
"Only for providers of hosting services, including online platforms",Pinterest,2025-07-01/2025-12-31,KEYWORD_DISCRIMINATION,,,,,,,,,,,,,,,,,,,,,
"Only for providers of hosting services, including online platforms",Pinterest,2025-07-01/2025-12-31,KEYWORD_HATE_SPEECH,,440,0,441,0,16.05,0,,,,,,,,,,"During the reporting period, we did not receive any notices related to this category. The median time is listed as 0 - as it applies to Pinterest - but the result of that practice during the reporting period is zero.",,,,
"Only for providers of hosting services, including online platforms",Pinterest,2025-07-01/2025-12-31,KEYWORD_OTHER,,,,,,,,,,,,,,,,,,,,,
"Only for providers of hosting services, including online platforms",Pinterest,2025-07-01/2025-12-31,STATEMENT_CATEGORY_INTELLECTUAL_PROPERTY_INFRINGEMENTS,,24,24,364,364,2.88,2.88,,,,,,,,,,,,,,
"Only for providers of hosting services, including online platforms",Pinterest,2025-07-01/2025-12-31,KEYWORD_COPYRIGHT_INFRINGEMENT,,24,24,364,364,2.88,2.88,,,,,,,,,,,,,,
"Only for providers of hosting services, including online platforms",Pinterest,2025-07-01/2025-12-31,KEYWORD_DESIGN_INFRINGEMENT,,,,,,,,,,,,,,,,,,,,,
"Only for providers of hosting services, including online platforms",Pinterest,2025-07-01/2025-12-31,KEYWORD_GEOGRAPHIC_INDICATIONS_INFRINGEMENT,,,,,,,,,,,,,,,,,,,,,
"Only for providers of hosting services, including online platforms",Pinterest,2025-07-01/2025-12-31,KEYWORD_PATENT_INFRINGEMENT,,,,,,,,,,,,,,,,,,,,,
"Only for providers of hosting services, including online platforms",Pinterest,2025-07-01/2025-12-31,KEYWORD_TRADE_SECRET_INFRINGEMENT,,,,,,,,,,,,,,,,,,,,,
"Only for providers of hosting services, including online platforms",Pinterest,2025-07-01/2025-12-31,KEYWORD_TRADEMARK_INFRINGEMENT,,0,0,0,0,0,0,,,,,,,,,"During the reporting period, we did not receive any notices related to this category. The median time is listed as 0 - as it applies to Pinterest - but the result of that practice during the reporting period is zero.","During the reporting period, we did not receive any notices related to this category. The median time is listed as 0 - as it applies to Pinterest - but the result of that practice during the reporting period is zero.",,,,
"Only for providers of hosting services, including online platforms",Pinterest,2025-07-01/2025-12-31,KEYWORD_OTHER,,,,,,,,,,,,,,,,,,,,,
"Only for providers of hosting services, including online platforms",Pinterest,2025-07-01/2025-12-31,STATEMENT_CATEGORY_NEGATIVE_EFFECTS_ON_CIVIC_DISCOURSE_OR_ELECTIONS,,591,0,593,0,14.97,0,,,,,,,,,,"During the reporting period, we did not receive any notices related to this category. The median time is listed as 0 - as it applies to Pinterest - but the result of that practice during the reporting period is zero.",,,,
"Only for providers of hosting services, including online platforms",Pinterest,2025-07-01/2025-12-31,KEYWORD_MISINFORMATION_DISINFORMATION,,591,0,593,0,14.97,0,,,,,,,,,,"During the reporting period, we did not receive any notices related to this category. The median time is listed as 0 - as it applies to Pinterest - but the result of that practice during the reporting period is zero.",,,,
"Only for providers of hosting services, including online platforms",Pinterest,2025-07-01/2025-12-31,KEYWORD_VIOLATION_EU_LAW,,,,,,,,,,,,,,,,,,,,,
"Only for providers of hosting services, including online platforms",Pinterest,2025-07-01/2025-12-31,KEYWORD_VIOLATION_NATIONAL_LAW,,,,,,,,,,,,,,,,,,,,,
"Only for providers of hosting services, including online platforms",Pinterest,2025-07-01/2025-12-31,KEYWORD_OTHER,,,,,,,,,,,,,,,,,,,,,
"Only for providers of hosting services, including online platforms",Pinterest,2025-07-01/2025-12-31,STATEMENT_CATEGORY_PROTECTION_OF_MINORS,,689,0,690,0,18.49,0,,,,,,,,,,"During the reporting period, we did not receive any notices related to this category. The median time is listed as 0 - as it applies to Pinterest - but the result of that practice during the reporting period is zero.",,,,
"Only for providers of hosting services, including online platforms",Pinterest,2025-07-01/2025-12-31,KEYWORD_AGE_SPECIFIC_RESTRICTIONS_MINORS,,,,,,,,,,,,,,,,,,,,,
"Only for providers of hosting services, including online platforms",Pinterest,2025-07-01/2025-12-31,KEYWORD_CHILD_SEXUAL_ABUSE_MATERIAL,,432,0,433,0,19.28,0,,,,,,,,,,"During the reporting period, we did not receive any notices related to this category. The median time is listed as 0 - as it applies to Pinterest - but the result of that practice during the reporting period is zero.",,,,
"Only for providers of hosting services, including online platforms",Pinterest,2025-07-01/2025-12-31,KEYWORD_CHILD_SEXUAL_ABUSE_MATERIAL_DEEPFAKE,,,,,,,,,,,,,,,,,,,,,
"Only for providers of hosting services, including online platforms",Pinterest,2025-07-01/2025-12-31,KEYWORD_GROOMING_SEXUAL_ENTICEMENT_MINORS,,,,,,,,,,,,,,,,,,,,,
"Only for providers of hosting services, including online platforms",Pinterest,2025-07-01/2025-12-31,KEYWORD_UNSAFE_CHALLENGES,,,,,,,,,,,,,,,,,,,,,
"Only for providers of hosting services, including online platforms",Pinterest,2025-07-01/2025-12-31,KEYWORD_OTHER,This subcategory encompasses notices received through our European Union Illegal Content Reporting Form for harm to minors. The harmful to minors category includes incitement of minors to engage in actions which put them in physical danger or to intentionally harm themselves. ,257,0,257,0,16.87,0,,,,,,,,,,"During the reporting period, we did not receive any notices related to this category. The median time is listed as 0 - as it applies to Pinterest - but the result of that practice during the reporting period is zero.",,,,
"Only for providers of hosting services, including online platforms",Pinterest,2025-07-01/2025-12-31,STATEMENT_CATEGORY_RISK_FOR_PUBLIC_SECURITY,,278,0,280,0,13.61,0,,,,,,,,,,"During the reporting period, we did not receive any notices related to this category. The median time is listed as 0 - as it applies to Pinterest - but the result of that practice during the reporting period is zero.",,,,
"Only for providers of hosting services, including online platforms",Pinterest,2025-07-01/2025-12-31,KEYWORD_ILLEGAL_ORGANIZATIONS,,,,,,,,,,,,,,,,,,,,,
"Only for providers of hosting services, including online platforms",Pinterest,2025-07-01/2025-12-31,KEYWORD_RISK_ENVIRONMENTAL_DAMAGE,,,,,,,,,,,,,,,,,,,,,
"Only for providers of hosting services, including online platforms",Pinterest,2025-07-01/2025-12-31,KEYWORD_RISK_PUBLIC_HEALTH,,,,,,,,,,,,,,,,,,,,,
"Only for providers of hosting services, including online platforms",Pinterest,2025-07-01/2025-12-31,KEYWORD_TERRORIST_CONTENT,,278,0,280,0,13.61,0,,,,,,,,,,"During the reporting period, we did not receive any notices related to this category. The median time is listed as 0 - as it applies to Pinterest - but the result of that practice during the reporting period is zero.",,,,
"Only for providers of hosting services, including online platforms",Pinterest,2025-07-01/2025-12-31,KEYWORD_OTHER,,,,,,,,,,,,,,,,,,,,,
"Only for providers of hosting services, including online platforms",Pinterest,2025-07-01/2025-12-31,STATEMENT_CATEGORY_SCAMS_AND_FRAUD,,,,,,,,,,,,,,,,,,,,,
"Only for providers of hosting services, including online platforms",Pinterest,2025-07-01/2025-12-31,KEYWORD_IMPERSONATION_ACCOUNT_HIJACKING,,,,,,,,,,,,,,,,,,,,,
"Only for providers of hosting services, including online platforms",Pinterest,2025-07-01/2025-12-31,KEYWORD_INAUTHENTIC_ACCOUNTS,,,,,,,,,,,,,,,,,,,,,
"Only for providers of hosting services, including online platforms",Pinterest,2025-07-01/2025-12-31,KEYWORD_INAUTHENTIC_LISTINGS,,,,,,,,,,,,,,,,,,,,,
"Only for providers of hosting services, including online platforms",Pinterest,2025-07-01/2025-12-31,KEYWORD_INAUTHENTIC_USER_REVIEWS,,,,,,,,,,,,,,,,,,,,,
"Only for providers of hosting services, including online platforms",Pinterest,2025-07-01/2025-12-31,KEYWORD_PHISHING,,,,,,,,,,,,,,,,,,,,,
"Only for providers of hosting services, including online platforms",Pinterest,2025-07-01/2025-12-31,KEYWORD_PYRAMID_SCHEMES,,,,,,,,,,,,,,,,,,,,,
"Only for providers of hosting services, including online platforms",Pinterest,2025-07-01/2025-12-31,KEYWORD_OTHER,,,,,,,,,,,,,,,,,,,,,
"Only for providers of hosting services, including online platforms",Pinterest,2025-07-01/2025-12-31,STATEMENT_CATEGORY_SELF_HARM,,,,,,,,,,,,,,,,,,,,,
"Only for providers of hosting services, including online platforms",Pinterest,2025-07-01/2025-12-31,KEYWORD_CONTENT_PROMOTING_EATING_DISORDERS,,,,,,,,,,,,,,,,,,,,,
"Only for providers of hosting services, including online platforms",Pinterest,2025-07-01/2025-12-31,KEYWORD_SELF_MUTILATION,,,,,,,,,,,,,,,,,,,,,
"Only for providers of hosting services, including online platforms",Pinterest,2025-07-01/2025-12-31,KEYWORD_SUICIDE,,,,,,,,,,,,,,,,,,,,,
"Only for providers of hosting services, including online platforms",Pinterest,2025-07-01/2025-12-31,KEYWORD_OTHER,,,,,,,,,,,,,,,,,,,,,
"Only for providers of hosting services, including online platforms",Pinterest,2025-07-01/2025-12-31,STATEMENT_CATEGORY_UNSAFE_AND_PROHIBITED_PRODUCTS,,545,0,545,0,15.60,0,,,,,,,,,,"During the reporting period, we did not receive any notices related to this category. The median time is listed as 0 - as it applies to Pinterest - but the result of that practice during the reporting period is zero.",,,,
"Only for providers of hosting services, including online platforms",Pinterest,2025-07-01/2025-12-31,KEYWORD_PROHIBITED_PRODUCTS,,545,0,545,0,15.60,0,,,,,,,,,,"During the reporting period, we did not receive any notices related to this category. The median time is listed as 0 - as it applies to Pinterest - but the result of that practice during the reporting period is zero.",,,,
"Only for providers of hosting services, including online platforms",Pinterest,2025-07-01/2025-12-31,KEYWORD_UNSAFE_PRODUCTS,,,,,,,,,,,,,,,,,,,,,
"Only for providers of hosting services, including online platforms",Pinterest,2025-07-01/2025-12-31,KEYWORD_OTHER,,,,,,,,,,,,,,,,,,,,,
"Only for providers of hosting services, including online platforms",Pinterest,2025-07-01/2025-12-31,STATEMENT_CATEGORY_VIOLENCE,,410,0,410,0,16.93,0,,,,,,,,,,"During the reporting period, we did not receive any notices related to this category. The median time is listed as 0 - as it applies to Pinterest - but the result of that practice during the reporting period is zero.",,,,
"Only for providers of hosting services, including online platforms",Pinterest,2025-07-01/2025-12-31,KEYWORD_COORDINATED_HARM,,,,,,,,,,,,,,,,,,,,,
"Only for providers of hosting services, including online platforms",Pinterest,2025-07-01/2025-12-31,KEYWORD_INCITEMENT_VIOLENCE_HATRED,,107,0,107,0,14.29,0,,,,,,,,,,"During the reporting period, we did not receive any notices related to this category. The median time is listed as 0 - as it applies to Pinterest - but the result of that practice during the reporting period is zero.",,,,
"Only for providers of hosting services, including online platforms",Pinterest,2025-07-01/2025-12-31,KEYWORD_HUMAN_EXPLOITATION,,,,,,,,,,,,,,,,,,,,,
"Only for providers of hosting services, including online platforms",Pinterest,2025-07-01/2025-12-31,KEYWORD_HUMAN_TRAFFICKING,,,,,,,,,,,,,,,,,,,,,
"Only for providers of hosting services, including online platforms",Pinterest,2025-07-01/2025-12-31,KEYWORD_TRAFFICKING_WOMEN_GIRLS,,,,,,,,,,,,,,,,,,,,,
"Only for providers of hosting services, including online platforms",Pinterest,2025-07-01/2025-12-31,KEYWORD_OTHER,"This subcategory encompasses notices received through our European Union Illegal Content Reporting Form for “graphic violence” and “denying or condoning crimes against humanity.” These include denial of genocides, war crimes and other crimes against humanity, and gore/graphic wounds and mutilation, beatings, excessive blood, and corpses. ",303,0,303,0,18.01,0,,,,,,,,,,"During the reporting period, we did not receive any notices related to this category. The median time is listed as 0 - as it applies to Pinterest - but the result of that practice during the reporting period is zero.",,,,
"Only for providers of hosting services, including online platforms",Pinterest,2025-07-01/2025-12-31,STATEMENT_CATEGORY_NOT_SPECIFIED_NOTICE,,"2,821",0,"2,831",0,16.70,0,,,,,"This category encompasses notices received through our European Union Illegal Content Reporting Form for “nudity or pornography” and “other.” 

In our European Union Illegal Content Reporting Form, users can select “nudity or pornography” as a reporting basis. We have included this option under this category because there is no more suitable category available on this tab for such reports.

Of the 2,821 total notices received, 520 related to “nudity or pornography” and 2,301 utilised the ""other"" reporting option.",,,,,"During the reporting period, we did not receive any notices related to this category. The median time is listed as 0 - as it applies to Pinterest - but the result of that practice during the reporting period is zero.",,,,
