Applicability,Service,Reporting period,Category of incompatibility with the provider's terms and conditions,"Description of the sub-category ""Other""",Number of measures taken at the provider's own initiative ,Number of measures taken after detection with solely automated means ,Visibility restriction Removal,Visibility restriction Disable,Visibility restriction Demoted,Visibility restriction Age restricted,Visibility restriction Interaction restricted,Visibility restriction Labelled ,Visibility restriction Other,Monetary restriction Suspension,Monetary restriction Termination,Monetary restriction Other,Provision of the service Suspension,Provision of the service Termination,Account restriction Suspension,Account restriction Termination,Contextual Information on Number of measures taken at the provider's own initiative ,Contextual Information on Number of measures taken after detection with solely automated means ,Contextual Information on Visibility restriction Removal,Contextual Information on Visibility restriction Disable,Contextual Information on Visibility restriction Demoted,Contextual Information on Visibility restriction Age restricted,Contextual Information on Visibility restriction Interaction restricted,Contextual Information on Visibility restriction Labelled ,Contextual Information on Visibility restriction Other,Contextual Information on Monetary restriction Suspension,Contextual Information on Monetary restriction Termination,Contextual Information on Monetary restriction Other,Contextual Information on Provision of the service Suspension,Contextual Information on Provision of the service Termination,Contextual Information on Account restriction Suspension,Contextual Information on Account restriction Termination
All,Google Search,2025-07-01/2025-12-31,TOTAL,,5664,,,,,,,,,,,,5664
All,Google Search,2025-07-01/2025-12-31,STATEMENT_CATEGORY_ANIMAL_WELFARE
All,Google Search,2025-07-01/2025-12-31,KEYWORD_ANIMAL_HARM
All,Google Search,2025-07-01/2025-12-31,KEYWORD_UNLAWFUL_SALE_ANIMALS
All,Google Search,2025-07-01/2025-12-31,KEYWORD_OTHER,ANIMAL_CRUELTY
All,Google Search,2025-07-01/2025-12-31,KEYWORD_OTHER,ANIMAL_HARM_AND_UNLAWFUL_SALE
All,Google Search,2025-07-01/2025-12-31,STATEMENT_CATEGORY_CONSUMER_INFORMATION
All,Google Search,2025-07-01/2025-12-31,KEYWORD_HIDDEN_ADVERTISEMENT
All,Google Search,2025-07-01/2025-12-31,KEYWORD_INSUFFICIENT_INFORMATION_ON_TRADERS
All,Google Search,2025-07-01/2025-12-31,KEYWORD_MISLEADING_INFO_GOODS_SERVICES
All,Google Search,2025-07-01/2025-12-31,KEYWORD_MISLEADING_INFO_CONSUMER_RIGHTS
All,Google Search,2025-07-01/2025-12-31,KEYWORD_NONCOMPLIANCE_PRICING
All,Google Search,2025-07-01/2025-12-31,KEYWORD_OTHER,CONSUMER_PROTECTION
All,Google Search,2025-07-01/2025-12-31,KEYWORD_OTHER,MISREPRESENTATION
All,Google Search,2025-07-01/2025-12-31,STATEMENT_CATEGORY_CYBER_VIOLENCE,,69,,,,,,,,,,,,69
All,Google Search,2025-07-01/2025-12-31,KEYWORD_CYBER_BULLYING_INTIMIDATION
All,Google Search,2025-07-01/2025-12-31,KEYWORD_CYBER_HARASSMENT,,58,,,,,,,,,,,,58
All,Google Search,2025-07-01/2025-12-31,KEYWORD_CYBER_INCITEMENT
All,Google Search,2025-07-01/2025-12-31,KEYWORD_CYBER_STALKING
All,Google Search,2025-07-01/2025-12-31,KEYWORD_NON_CONSENSUAL_IMAGE_SHARING
All,Google Search,2025-07-01/2025-12-31,KEYWORD_NON_CONSENSUAL_MATERIAL_DEEPFAKE
All,Google Search,2025-07-01/2025-12-31,KEYWORD_OTHER,DOXING
All,Google Search,2025-07-01/2025-12-31,KEYWORD_OTHER,HARASSMENT
All,Google Search,2025-07-01/2025-12-31,KEYWORD_OTHER,HARASSMENT_AND_CYBERBULLYING
All,Google Search,2025-07-01/2025-12-31,KEYWORD_OTHER,HARMFUL_ACTIVITIES,11,,,,,,,,,,,,11
All,Google Search,2025-07-01/2025-12-31,KEYWORD_OTHER,SEXUAL_HARASSMENT
All,Google Search,2025-07-01/2025-12-31,KEYWORD_OTHER,OBSCENITY_OR_PORNOGRAPHY
All,Google Search,2025-07-01/2025-12-31,KEYWORD_OTHER,UNSAFE_CONTENT
All,Google Search,2025-07-01/2025-12-31,STATEMENT_CATEGORY_CYBER_VIOLENCE_AGAINST_WOMEN
All,Google Search,2025-07-01/2025-12-31,KEYWORD_BULLYING_AGAINST_GIRLS
All,Google Search,2025-07-01/2025-12-31,KEYWORD_CYBER_HARASSMENT_AGAINST_WOMEN
All,Google Search,2025-07-01/2025-12-31,KEYWORD_CYBER_STALKING_AGAINST_WOMEN
All,Google Search,2025-07-01/2025-12-31,KEYWORD_FEMALE_GENDERED_DISINFORMATION
All,Google Search,2025-07-01/2025-12-31,KEYWORD_INCITEMENT_AGAINST_WOMEN
All,Google Search,2025-07-01/2025-12-31,KEYWORD_NON_CONSENSUAL_IMAGE_SHARING_AGAINST_WOMEN
All,Google Search,2025-07-01/2025-12-31,KEYWORD_NON_CONSENSUAL_MATERIAL_DEEPFAKE_AGAINST_WOMEN
All,Google Search,2025-07-01/2025-12-31,KEYWORD_OTHER,"Text to detail the ""Other"" keyword."
All,Google Search,2025-07-01/2025-12-31,STATEMENT_CATEGORY_DATA_PROTECTION_AND_PRIVACY_VIOLATIONS,,336,,,,,,,,,,,,336
All,Google Search,2025-07-01/2025-12-31,KEYWORD_BIOMETRIC_DATA_BREACH
All,Google Search,2025-07-01/2025-12-31,KEYWORD_DATA_FALSIFICATION
All,Google Search,2025-07-01/2025-12-31,KEYWORD_MISSING_PROCESSING_GROUND
All,Google Search,2025-07-01/2025-12-31,KEYWORD_RIGHT_TO_BE_FORGOTTEN
All,Google Search,2025-07-01/2025-12-31,KEYWORD_OTHER,DATA_COLLECTION_AND_USE
All,Google Search,2025-07-01/2025-12-31,KEYWORD_OTHER,DISCLOSURE_AND_CONSENT_PRACTICES
All,Google Search,2025-07-01/2025-12-31,KEYWORD_OTHER,GDPR
All,Google Search,2025-07-01/2025-12-31,KEYWORD_OTHER,PERSONAL_INFORMATION,336,,,,,,,,,,,,336
All,Google Search,2025-07-01/2025-12-31,KEYWORD_OTHER,PERSONAL_RIGHTS
All,Google Search,2025-07-01/2025-12-31,KEYWORD_OTHER,PERSONALIZED_ADVERTISING
All,Google Search,2025-07-01/2025-12-31,KEYWORD_OTHER,PRIVACY
All,Google Search,2025-07-01/2025-12-31,KEYWORD_OTHER,PRIVACY_POLICY
All,Google Search,2025-07-01/2025-12-31,KEYWORD_OTHER,UNSECURE_DATA_HANDLING
All,Google Search,2025-07-01/2025-12-31,STATEMENT_CATEGORY_ILLEGAL_OR_HARMFUL_SPEECH,,556,,,,,,,,,,,,556
All,Google Search,2025-07-01/2025-12-31,KEYWORD_DEFAMATION
All,Google Search,2025-07-01/2025-12-31,KEYWORD_DISCRIMINATION
All,Google Search,2025-07-01/2025-12-31,KEYWORD_HATE_SPEECH,,58,,,,,,,,,,,,58
All,Google Search,2025-07-01/2025-12-31,KEYWORD_OTHER,HATEFUL_OR_ABUSIVE
All,Google Search,2025-07-01/2025-12-31,KEYWORD_OTHER,ILLEGAL_OR_HARMFUL_SPEECH
All,Google Search,2025-07-01/2025-12-31,KEYWORD_OTHER,OBSCENITY_AND_PROFANITY,436,,,,,,,,,,,,436
All,Google Search,2025-07-01/2025-12-31,KEYWORD_OTHER,OFFENSIVE_CONTENT,62,,,,,,,,,,,,62
All,Google Search,2025-07-01/2025-12-31,KEYWORD_OTHER,UNSAFE_CONTENT
All,Google Search,2025-07-01/2025-12-31,STATEMENT_CATEGORY_INTELLECTUAL_PROPERTY_INFRINGEMENTS
All,Google Search,2025-07-01/2025-12-31,KEYWORD_COPYRIGHT_INFRINGEMENT
All,Google Search,2025-07-01/2025-12-31,KEYWORD_DESIGN_INFRINGEMENT
All,Google Search,2025-07-01/2025-12-31,KEYWORD_GEOGRAPHIC_INDICATIONS_INFRINGEMENT
All,Google Search,2025-07-01/2025-12-31,KEYWORD_PATENT_INFRINGEMENT
All,Google Search,2025-07-01/2025-12-31,KEYWORD_TRADE_SECRET_INFRINGEMENT
All,Google Search,2025-07-01/2025-12-31,KEYWORD_TRADEMARK_INFRINGEMENT
All,Google Search,2025-07-01/2025-12-31,KEYWORD_OTHER,CIRCUMVENTION
All,Google Search,2025-07-01/2025-12-31,KEYWORD_OTHER,INTELLECTUAL PROPERTY
All,Google Search,2025-07-01/2025-12-31,STATEMENT_CATEGORY_NEGATIVE_EFFECTS_ON_CIVIC_DISCOURSE_OR_ELECTIONS
All,Google Search,2025-07-01/2025-12-31,KEYWORD_MISINFORMATION_DISINFORMATION
All,Google Search,2025-07-01/2025-12-31,KEYWORD_VIOLATION_EU_LAW
All,Google Search,2025-07-01/2025-12-31,KEYWORD_VIOLATION_NATIONAL_LAW
All,Google Search,2025-07-01/2025-12-31,KEYWORD_OTHER,ELECTORAL
All,Google Search,2025-07-01/2025-12-31,KEYWORD_OTHER,HACKED_POLITICAL_MATERIALS
All,Google Search,2025-07-01/2025-12-31,KEYWORD_OTHER,POLITICAL_CONTENT
All,Google Search,2025-07-01/2025-12-31,KEYWORD_OTHER,SOCIAL_STABILITY
All,Google Search,2025-07-01/2025-12-31,KEYWORD_OTHER,SOCIETAL_VALUES
All,Google Search,2025-07-01/2025-12-31,STATEMENT_CATEGORY_PROTECTION_OF_MINORS,,66,,,,,,,,,,,,66
All,Google Search,2025-07-01/2025-12-31,KEYWORD_AGE_SPECIFIC_RESTRICTIONS_MINORS
All,Google Search,2025-07-01/2025-12-31,KEYWORD_CHILD_SEXUAL_ABUSE_MATERIAL,,66,,,,,,,,,,,,66
All,Google Search,2025-07-01/2025-12-31,KEYWORD_CHILD_SEXUAL_ABUSE_MATERIAL_DEEPFAKE
All,Google Search,2025-07-01/2025-12-31,KEYWORD_GROOMING_SEXUAL_ENTICEMENT_MINORS
All,Google Search,2025-07-01/2025-12-31,KEYWORD_UNSAFE_CHALLENGES
All,Google Search,2025-07-01/2025-12-31,KEYWORD_OTHER,CHILD_ENDANGERMENT
All,Google Search,2025-07-01/2025-12-31,KEYWORD_OTHER,CHILD_SAFETY
All,Google Search,2025-07-01/2025-12-31,KEYWORD_OTHER,HARMFUL_OR_DANGEROUS_ACTS_CHALLENGES_AND_PRANKS
All,Google Search,2025-07-01/2025-12-31,KEYWORD_OTHER,KNOWN_SERIES
All,Google Search,2025-07-01/2025-12-31,KEYWORD_OTHER,PROTECTION_OF_MINORS
All,Google Search,2025-07-01/2025-12-31,KEYWORD_OTHER,UNAUTHORIZED_IMAGE_OF_MINORS
All,Google Search,2025-07-01/2025-12-31,STATEMENT_CATEGORY_RISK_FOR_PUBLIC_SECURITY,,889,,,,,,,,,,,,889
All,Google Search,2025-07-01/2025-12-31,KEYWORD_ILLEGAL_ORGANIZATIONS
All,Google Search,2025-07-01/2025-12-31,KEYWORD_RISK_ENVIRONMENTAL_DAMAGE
All,Google Search,2025-07-01/2025-12-31,KEYWORD_RISK_PUBLIC_HEALTH
All,Google Search,2025-07-01/2025-12-31,KEYWORD_TERRORIST_CONTENT,,889,,,,,,,,,,,,889
All,Google Search,2025-07-01/2025-12-31,KEYWORD_OTHER,COURT_ORDER
All,Google Search,2025-07-01/2025-12-31,KEYWORD_OTHER,RISK_FOR_PUBLIC_SECURITY
All,Google Search,2025-07-01/2025-12-31,KEYWORD_OTHER,SENSITIVE_EVENTS
All,Google Search,2025-07-01/2025-12-31,KEYWORD_OTHER,VIOLENT_EXTREMISM
All,Google Search,2025-07-01/2025-12-31,KEYWORD_OTHER,WRONGFUL_OR_UNAUTHORIZED_USE_OF_SYMBOLS
All,Google Search,2025-07-01/2025-12-31,STATEMENT_CATEGORY_SCAMS_AND_FRAUD
All,Google Search,2025-07-01/2025-12-31,KEYWORD_IMPERSONATION_ACCOUNT_HIJACKING
All,Google Search,2025-07-01/2025-12-31,KEYWORD_INAUTHENTIC_ACCOUNTS
All,Google Search,2025-07-01/2025-12-31,KEYWORD_INAUTHENTIC_LISTINGS
All,Google Search,2025-07-01/2025-12-31,KEYWORD_INAUTHENTIC_USER_REVIEWS
All,Google Search,2025-07-01/2025-12-31,KEYWORD_PHISHING
All,Google Search,2025-07-01/2025-12-31,KEYWORD_PYRAMID_SCHEMES
All,Google Search,2025-07-01/2025-12-31,KEYWORD_OTHER,AD_FRAUD_POLICY
All,Google Search,2025-07-01/2025-12-31,KEYWORD_OTHER,ENCOURAGEMENT_OF_DIGITAL_SECURITY_OR_TERMS_OF_SERVICE_VIOLATIONS
All,Google Search,2025-07-01/2025-12-31,KEYWORD_OTHER,FRAUD
All,Google Search,2025-07-01/2025-12-31,KEYWORD_OTHER,MALWARE
All,Google Search,2025-07-01/2025-12-31,KEYWORD_OTHER,MALWARE_AND_PHISHING
All,Google Search,2025-07-01/2025-12-31,KEYWORD_OTHER,MALWARE_AND_SYSTEM_CIRCUMVENTION
All,Google Search,2025-07-01/2025-12-31,KEYWORD_OTHER,MISREPRESENTATION
All,Google Search,2025-07-01/2025-12-31,KEYWORD_OTHER,SCAMS
All,Google Search,2025-07-01/2025-12-31,KEYWORD_OTHER,SOCIAL_ENGINEERING_TACTICS
All,Google Search,2025-07-01/2025-12-31,STATEMENT_CATEGORY_SELF_HARM
All,Google Search,2025-07-01/2025-12-31,KEYWORD_CONTENT_PROMOTING_EATING_DISORDERS
All,Google Search,2025-07-01/2025-12-31,KEYWORD_SELF_MUTILATION
All,Google Search,2025-07-01/2025-12-31,KEYWORD_SUICIDE
All,Google Search,2025-07-01/2025-12-31,KEYWORD_OTHER,SELF_HARM
All,Google Search,2025-07-01/2025-12-31,KEYWORD_OTHER,SUICIDE_AND_SELF_HARM
All,Google Search,2025-07-01/2025-12-31,STATEMENT_CATEGORY_UNSAFE_AND_PROHIBITED_PRODUCTS,,7,,,,,,,,,,,,7
All,Google Search,2025-07-01/2025-12-31,KEYWORD_PROHIBITED_PRODUCTS
All,Google Search,2025-07-01/2025-12-31,KEYWORD_UNSAFE_PRODUCTS,,7,,,,,,,,,,,,7
All,Google Search,2025-07-01/2025-12-31,KEYWORD_OTHER,COURT_ORDER
All,Google Search,2025-07-01/2025-12-31,KEYWORD_OTHER,ENABLING_DISHONEST_BEHAVIOR
All,Google Search,2025-07-01/2025-12-31,KEYWORD_OTHER,FIREARMS_AND_ILLEGAL_REGULATED_GOODS_OR_SERVICES
All,Google Search,2025-07-01/2025-12-31,KEYWORD_OTHER,OTHER_LEGAL_NOTICES_OR_ORDERS
All,Google Search,2025-07-01/2025-12-31,KEYWORD_OTHER,UNAUTHORIZED_PHARMACIES
All,Google Search,2025-07-01/2025-12-31,STATEMENT_CATEGORY_VIOLENCE,,50,,,,,,,,,,,,50
All,Google Search,2025-07-01/2025-12-31,KEYWORD_COORDINATED_HARM
All,Google Search,2025-07-01/2025-12-31,KEYWORD_INCITEMENT_VIOLENCE_HATRED
All,Google Search,2025-07-01/2025-12-31,KEYWORD_HUMAN_EXPLOITATION
All,Google Search,2025-07-01/2025-12-31,KEYWORD_HUMAN_TRAFFICKING
All,Google Search,2025-07-01/2025-12-31,KEYWORD_TRAFFICKING_WOMEN_GIRLS
All,Google Search,2025-07-01/2025-12-31,KEYWORD_OTHER,DEPICTION_OF_VIOLENCE
All,Google Search,2025-07-01/2025-12-31,KEYWORD_OTHER,SHOCKING_CONTENT,50,,,,,,,,,,,,50
All,Google Search,2025-07-01/2025-12-31,KEYWORD_OTHER,VIOLENT_OR_GRAPHIC_CONTENT
All,Google Search,2025-07-01/2025-12-31,STATEMENT_CATEGORY_OTHER_VIOLATION_TC,,3691,,,,,,,,,,,,3691
All,Google Search,2025-07-01/2025-12-31,KEYWORD_ADULT_SEXUAL_MATERIAL,,1933,,,,,,,,,,,,1933
All,Google Search,2025-07-01/2025-12-31,KEYWORD_AGE_SPECIFIC_RESTRICTIONS
All,Google Search,2025-07-01/2025-12-31,KEYWORD_GEOGRAPHICAL_REQUIREMENTS
All,Google Search,2025-07-01/2025-12-31,KEYWORD_GOODS_SERVICES_NOT_PERMITTED,,1745,,,,,,,,,,,,1745
All,Google Search,2025-07-01/2025-12-31,KEYWORD_LANGUAGE_REQUIREMENTS
All,Google Search,2025-07-01/2025-12-31,KEYWORD_NUDITY
All,Google Search,2025-07-01/2025-12-31,KEYWORD_OTHER,ABUSIVE_BEHAVIOR
All,Google Search,2025-07-01/2025-12-31,KEYWORD_OTHER,ACCEPTABLE_USE_POLICY
All,Google Search,2025-07-01/2025-12-31,KEYWORD_OTHER,ACCOUNT_NOT_PERMITTED
All,Google Search,2025-07-01/2025-12-31,KEYWORD_OTHER,ACCOUNT_RESTRICTIONS
All,Google Search,2025-07-01/2025-12-31,KEYWORD_OTHER,AD_GRANTS_TERMS_AND_CONDITIONS
All,Google Search,2025-07-01/2025-12-31,KEYWORD_OTHER,ADS_TERMS_AND_CONDITIONS
All,Google Search,2025-07-01/2025-12-31,KEYWORD_OTHER,ADULT_SEXUAL_MATERIAL_AND_NUDITY
All,Google Search,2025-07-01/2025-12-31,KEYWORD_OTHER,ADVERTISER_FRIENDLY_GUIDELINES_VIOLATION
All,Google Search,2025-07-01/2025-12-31,KEYWORD_OTHER,AI_GENERATED_CONTENT
All,Google Search,2025-07-01/2025-12-31,KEYWORD_OTHER,APP_QUALITY_REQUIREMENTS
All,Google Search,2025-07-01/2025-12-31,KEYWORD_OTHER,BUSINESS_INFORMATION_REQUIREMENTS
All,Google Search,2025-07-01/2025-12-31,KEYWORD_OTHER,CIRCUMVENTION
All,Google Search,2025-07-01/2025-12-31,KEYWORD_OTHER,CONSPIRATORIAL
All,Google Search,2025-07-01/2025-12-31,KEYWORD_OTHER,CONTRIBUTIONS_ON_BUSINESS_RESTRICTED
All,Google Search,2025-07-01/2025-12-31,KEYWORD_OTHER,COPIED_POST
All,Google Search,2025-07-01/2025-12-31,KEYWORD_OTHER,DEVELOPER_DISTRIBUTION_AGREEMENT
All,Google Search,2025-07-01/2025-12-31,KEYWORD_OTHER,GIBBERISH
All,Google Search,2025-07-01/2025-12-31,KEYWORD_OTHER,INAPPROPRIATE_LANGUAGE
All,Google Search,2025-07-01/2025-12-31,KEYWORD_OTHER,LANDING_PAGE_REQUIREMENTS
All,Google Search,2025-07-01/2025-12-31,KEYWORD_OTHER,LIMITED_AD_SERVING
All,Google Search,2025-07-01/2025-12-31,KEYWORD_OTHER,LOW_QUALITY
All,Google Search,2025-07-01/2025-12-31,KEYWORD_OTHER,LOW_QUALITY_GRAPHIC_ASSETS
All,Google Search,2025-07-01/2025-12-31,KEYWORD_OTHER,MISINFORMATION_ELECTIONS_MISINFORMATION_MEDICAL_MISINFORMATION
All,Google Search,2025-07-01/2025-12-31,KEYWORD_OTHER,MISLEADING_INFORMATION
All,Google Search,2025-07-01/2025-12-31,KEYWORD_OTHER,NON_ARTICLE_16_LEGAL_AND_COPYRIGHT_ACTIONS
All,Google Search,2025-07-01/2025-12-31,KEYWORD_OTHER,OFF_TOPIC
All,Google Search,2025-07-01/2025-12-31,KEYWORD_OTHER,ONLINE_STORE_REQUIREMENTS
All,Google Search,2025-07-01/2025-12-31,KEYWORD_OTHER,PLAGIARISM
All,Google Search,2025-07-01/2025-12-31,KEYWORD_OTHER,PLATFORM_REQUIREMENT
All,Google Search,2025-07-01/2025-12-31,KEYWORD_OTHER,PLAY_CONSOLE_REQUIREMENTS
All,Google Search,2025-07-01/2025-12-31,KEYWORD_OTHER,PROCESSING_ERROR,13,,,,,,,,,,,,13
All,Google Search,2025-07-01/2025-12-31,KEYWORD_OTHER,PROMOTIONAL_DATA
All,Google Search,2025-07-01/2025-12-31,KEYWORD_OTHER,QUALITY_REQUIREMENTS
All,Google Search,2025-07-01/2025-12-31,KEYWORD_OTHER,REGIONAL_REQUIREMENTS
All,Google Search,2025-07-01/2025-12-31,KEYWORD_OTHER,SELF_PROMOTION
All,Google Search,2025-07-01/2025-12-31,KEYWORD_OTHER,SPAM
All,Google Search,2025-07-01/2025-12-31,KEYWORD_OTHER,SPONSORED_CONTENT
All,Google Search,2025-07-01/2025-12-31,KEYWORD_OTHER,TECHNICAL_REQUIREMENTS
All,Google Search,2025-07-01/2025-12-31,KEYWORD_OTHER,THIRD-PARTY_REQUIREMENTS
All,Google Search,2025-07-01/2025-12-31,KEYWORD_OTHER,UNAUTHORIZED_USE_OF_SERVICE
All,Google Search,2025-07-01/2025-12-31,KEYWORD_OTHER,UNFRIENDLY_UNPROFESSIONAL
All,Google Search,2025-07-01/2025-12-31,KEYWORD_OTHER,UNRELATED_DATASETS
All,Google Search,2025-07-01/2025-12-31,KEYWORD_OTHER,UNVERIFIED_OR_INELIGIBLE_LISTING
All,Google Search,2025-07-01/2025-12-31,KEYWORD_OTHER,VOTE_MANIPULATION
