Applicability,Service,Reporting period,Category of illegal content,"Description of the sub-category ""Other""",Scope,Number of orders to act against illegal content received,Number of specific items of information included in the total number of orders to act against illegal content,Median time to inform the authority of the receipt of the order to act against illegal content,Median time to give effect to the order to act against illegal content,Number of orders to provide information,Median time to inform the authority of the receipt of the order to provide information,Median time to give effect to the order to provide information,Contextual information on number of orders to act against illegal content received,Contextual information on number of specific items of information included in the total number of orders to act against illegal content,Contextual information on Median time to inform the authority of the receipt of the order to act against illegal content,Contextual information on Median time to give effect to the order to act against illegal content,Contextual information on Number of orders to provide information,Contextual information on Median time to inform the authority of the receipt of the order to provide information,Contextual information on Median time to give effect to the order to provide information
All,Pornhub,2025-07-01/2025-12-31,TOTAL,,TOTAL,9.0,3.0,Within 24 hours,8:17 HRS,16.0,Within 24 hours,7:47 HRS,,,We provide an immediate automated response to acknowledge receipt,,,We provide an immediate automated response to acknowledge receipt,
All,Pornhub,2025-07-01/2025-12-31,STATEMENT_CATEGORY_ANIMAL_WELFARE,,TOTAL,0.0,0.0,0,0,0.0,0,0,,,,,,,
All,Pornhub,2025-07-01/2025-12-31,KEYWORD_ANIMAL_HARM,,TOTAL,,,,,,,,,,,,,,
All,Pornhub,2025-07-01/2025-12-31,KEYWORD_UNLAWFUL_SALE_ANIMALS,,TOTAL,,,,,,,,,,,,,,
All,Pornhub,2025-07-01/2025-12-31,KEYWORD_OTHER,"Text to detail the ""Other"" keyword.",TOTAL,,,,,,,,,,,,,,
All,Pornhub,2025-07-01/2025-12-31,STATEMENT_CATEGORY_CONSUMER_INFORMATION,,TOTAL,0.0,0.0,0,0,0.0,0,0,,,,,,,
All,Pornhub,2025-07-01/2025-12-31,KEYWORD_HIDDEN_ADVERTISEMENT,,TOTAL,,,,,,,,,,,,,,
All,Pornhub,2025-07-01/2025-12-31,KEYWORD_INSUFFICIENT_INFORMATION_ON_TRADERS,,TOTAL,,,,,,,,,,,,,,
All,Pornhub,2025-07-01/2025-12-31,KEYWORD_MISLEADING_INFO_GOODS_SERVICES,,TOTAL,,,,,,,,,,,,,,
All,Pornhub,2025-07-01/2025-12-31,KEYWORD_MISLEADING_INFO_CONSUMER_RIGHTS,,TOTAL,,,,,,,,,,,,,,
All,Pornhub,2025-07-01/2025-12-31,KEYWORD_NONCOMPLIANCE_PRICING,,TOTAL,,,,,,,,,,,,,,
All,Pornhub,2025-07-01/2025-12-31,KEYWORD_OTHER,"Text to detail the ""Other"" keyword.",TOTAL,,,,,,,,,,,,,,
All,Pornhub,2025-07-01/2025-12-31,STATEMENT_CATEGORY_CYBER_VIOLENCE,,TOTAL,6.0,3.0,Within 24 hours,8:17 HRS,0.0,0,0,,,We provide an immediate automated response to acknowledge receipt,,,,
All,Pornhub,2025-07-01/2025-12-31,KEYWORD_CYBER_BULLYING_INTIMIDATION,,TOTAL,,,,,,,,,,,,,,
All,Pornhub,2025-07-01/2025-12-31,KEYWORD_CYBER_HARASSMENT,,TOTAL,,,,,,,,,,,,,,
All,Pornhub,2025-07-01/2025-12-31,KEYWORD_CYBER_INCITEMENT,,TOTAL,,,,,,,,,,,,,,
All,Pornhub,2025-07-01/2025-12-31,KEYWORD_CYBER_STALKING,,TOTAL,,,,,,,,,,,,,,
All,Pornhub,2025-07-01/2025-12-31,KEYWORD_NON_CONSENSUAL_IMAGE_SHARING,,TOTAL,4.0,,Within 24 hours,8:17 HRS,,,,,,We provide an immediate automated response to acknowledge receipt,,,,
All,Pornhub,2025-07-01/2025-12-31,KEYWORD_NON_CONSENSUAL_MATERIAL_DEEPFAKE,,TOTAL,,,,,,,,,,,,,,
All,Pornhub,2025-07-01/2025-12-31,KEYWORD_OTHER,"Text to detail the ""Other"" keyword.",TOTAL,2.0,3.0,Within 24 hours,8:17 HRS,,,,,,We provide an immediate automated response to acknowledge receipt,,,,
All,Pornhub,2025-07-01/2025-12-31,STATEMENT_CATEGORY_CYBER_VIOLENCE_AGAINST_WOMEN,,TOTAL,0.0,0.0,0,0,0.0,0,0,,,,,,,
All,Pornhub,2025-07-01/2025-12-31,KEYWORD_BULLYING_AGAINST_GIRLS,,TOTAL,,,,,,,,,,,,,,
All,Pornhub,2025-07-01/2025-12-31,KEYWORD_CYBER_HARASSMENT_AGAINST_WOMEN,,TOTAL,,,,,,,,,,,,,,
All,Pornhub,2025-07-01/2025-12-31,KEYWORD_CYBER_STALKING_AGAINST_WOMEN,,TOTAL,,,,,,,,,,,,,,
All,Pornhub,2025-07-01/2025-12-31,KEYWORD_FEMALE_GENDERED_DISINFORMATION,,TOTAL,,,,,,,,,,,,,,
All,Pornhub,2025-07-01/2025-12-31,KEYWORD_INCITEMENT_AGAINST_WOMEN,,TOTAL,,,,,,,,,,,,,,
All,Pornhub,2025-07-01/2025-12-31,KEYWORD_NON_CONSENSUAL_IMAGE_SHARING_AGAINST_WOMEN,,TOTAL,,,,,,,,,,,,,,
All,Pornhub,2025-07-01/2025-12-31,KEYWORD_NON_CONSENSUAL_MATERIAL_DEEPFAKE_AGAINST_WOMEN,,TOTAL,,,,,,,,,,,,,,
All,Pornhub,2025-07-01/2025-12-31,KEYWORD_OTHER,"Text to detail the ""Other"" keyword.",TOTAL,,,,,,,,,,,,,,
All,Pornhub,2025-07-01/2025-12-31,STATEMENT_CATEGORY_DATA_PROTECTION_AND_PRIVACY_VIOLATIONS,,TOTAL,0.0,0.0,Within 24 hours,8:17 HRS,1.0,Within 24 hours,7:47 HRS,,,,,,We provide an immediate automated response to acknowledge receipt,
All,Pornhub,2025-07-01/2025-12-31,KEYWORD_BIOMETRIC_DATA_BREACH,,TOTAL,,,,,,,,,,,,,,
All,Pornhub,2025-07-01/2025-12-31,KEYWORD_DATA_FALSIFICATION,,TOTAL,,,,,,,,,,,,,,
All,Pornhub,2025-07-01/2025-12-31,KEYWORD_MISSING_PROCESSING_GROUND,,TOTAL,,,,,,,,,,,,,,
All,Pornhub,2025-07-01/2025-12-31,KEYWORD_RIGHT_TO_BE_FORGOTTEN,,TOTAL,,,,,,,,,,,,,,
All,Pornhub,2025-07-01/2025-12-31,KEYWORD_OTHER,"Text to detail the ""Other"" keyword.",TOTAL,,,,,,,,,,,,,,
All,Pornhub,2025-07-01/2025-12-31,STATEMENT_CATEGORY_ILLEGAL_OR_HARMFUL_SPEECH,,TOTAL,0.0,0.0,0,0,0.0,0,0,,,,,,,
All,Pornhub,2025-07-01/2025-12-31,KEYWORD_DEFAMATION,,TOTAL,,,,,,,,,,,,,,
All,Pornhub,2025-07-01/2025-12-31,KEYWORD_DISCRIMINATION,,TOTAL,,,,,,,,,,,,,,
All,Pornhub,2025-07-01/2025-12-31,KEYWORD_HATE_SPEECH,,TOTAL,,,,,,,,,,,,,,
All,Pornhub,2025-07-01/2025-12-31,KEYWORD_OTHER,"Text to detail the ""Other"" keyword.",TOTAL,,,,,,,,,,,,,,
All,Pornhub,2025-07-01/2025-12-31,STATEMENT_CATEGORY_INTELLECTUAL_PROPERTY_INFRINGEMENTS,,TOTAL,0.0,0.0,0,0,0.0,0,0,,,,,,,
All,Pornhub,2025-07-01/2025-12-31,KEYWORD_COPYRIGHT_INFRINGEMENT,,TOTAL,,,,,,,,,,,,,,
All,Pornhub,2025-07-01/2025-12-31,KEYWORD_DESIGN_INFRINGEMENT,,TOTAL,,,,,,,,,,,,,,
All,Pornhub,2025-07-01/2025-12-31,KEYWORD_GEOGRAPHIC_INDICATIONS_INFRINGEMENT,,TOTAL,,,,,,,,,,,,,,
All,Pornhub,2025-07-01/2025-12-31,KEYWORD_PATENT_INFRINGEMENT,,TOTAL,,,,,,,,,,,,,,
All,Pornhub,2025-07-01/2025-12-31,KEYWORD_TRADE_SECRET_INFRINGEMENT,,TOTAL,,,,,,,,,,,,,,
All,Pornhub,2025-07-01/2025-12-31,KEYWORD_TRADEMARK_INFRINGEMENT,,TOTAL,,,,,,,,,,,,,,
All,Pornhub,2025-07-01/2025-12-31,KEYWORD_OTHER,"Text to detail the ""Other"" keyword.",TOTAL,,,,,,,,,,,,,,
All,Pornhub,2025-07-01/2025-12-31,STATEMENT_CATEGORY_NEGATIVE_EFFECTS_ON_CIVIC_DISCOURSE_OR_ELECTIONS,,TOTAL,0.0,0.0,0,0,0.0,0,0,,,,,,,
All,Pornhub,2025-07-01/2025-12-31,KEYWORD_MISINFORMATION_DISINFORMATION,,TOTAL,,,,,,,,,,,,,,
All,Pornhub,2025-07-01/2025-12-31,KEYWORD_VIOLATION_EU_LAW,,TOTAL,,,,,,,,,,,,,,
All,Pornhub,2025-07-01/2025-12-31,KEYWORD_VIOLATION_NATIONAL_LAW,,TOTAL,,,,,,,,,,,,,,
All,Pornhub,2025-07-01/2025-12-31,KEYWORD_OTHER,"Text to detail the ""Other"" keyword.",TOTAL,,,,,,,,,,,,,,
All,Pornhub,2025-07-01/2025-12-31,STATEMENT_CATEGORY_PROTECTION_OF_MINORS,,TOTAL,3.0,0.0,Within 24 hours,8:17 HRS,0.0,Within 24 hours,7:47 HRS,,,We provide an immediate automated response to acknowledge receipt,,,,
All,Pornhub,2025-07-01/2025-12-31,KEYWORD_AGE_SPECIFIC_RESTRICTIONS_MINORS,,TOTAL,,,,,,,,,,,,,,
All,Pornhub,2025-07-01/2025-12-31,KEYWORD_CHILD_SEXUAL_ABUSE_MATERIAL,,TOTAL,3.0,,,,,,,,,We provide an immediate automated response to acknowledge receipt,,,,
All,Pornhub,2025-07-01/2025-12-31,KEYWORD_CHILD_SEXUAL_ABUSE_MATERIAL_DEEPFAKE,,TOTAL,,,,,,,,,,,,,,
All,Pornhub,2025-07-01/2025-12-31,KEYWORD_GROOMING_SEXUAL_ENTICEMENT_MINORS,,TOTAL,,,,,,,,,,,,,,
All,Pornhub,2025-07-01/2025-12-31,KEYWORD_UNSAFE_CHALLENGES,,TOTAL,,,,,,,,,,,,,,
All,Pornhub,2025-07-01/2025-12-31,KEYWORD_OTHER,"Text to detail the ""Other"" keyword.",TOTAL,,,,,,,,,,,,,,
All,Pornhub,2025-07-01/2025-12-31,STATEMENT_CATEGORY_RISK_FOR_PUBLIC_SECURITY,,TOTAL,0.0,0.0,Within 24 hours,8:17 HRS,1.0,Within 24 hours,7:47 HRS,,,,,,We provide an immediate automated response to acknowledge receipt,
All,Pornhub,2025-07-01/2025-12-31,KEYWORD_ILLEGAL_ORGANIZATIONS,,TOTAL,,,,,,,,,,,,,,
All,Pornhub,2025-07-01/2025-12-31,KEYWORD_RISK_ENVIRONMENTAL_DAMAGE,,TOTAL,,,,,,,,,,,,,,
All,Pornhub,2025-07-01/2025-12-31,KEYWORD_RISK_PUBLIC_HEALTH,,TOTAL,,,,,,,,,,,,,,
All,Pornhub,2025-07-01/2025-12-31,KEYWORD_TERRORIST_CONTENT,,TOTAL,,,,,,,,,,,,,,
All,Pornhub,2025-07-01/2025-12-31,KEYWORD_OTHER,"Text to detail the ""Other"" keyword.",TOTAL,,,,,,,,,,,,,,
All,Pornhub,2025-07-01/2025-12-31,STATEMENT_CATEGORY_SCAMS_AND_FRAUD,,TOTAL,0.0,0.0,Within 24 hours,8:17 HRS,9.0,Within 24 hours,7:47 HRS,,,,,,We provide an immediate automated response to acknowledge receipt,
All,Pornhub,2025-07-01/2025-12-31,KEYWORD_IMPERSONATION_ACCOUNT_HIJACKING,,TOTAL,,,,,,,,,,,,,,
All,Pornhub,2025-07-01/2025-12-31,KEYWORD_INAUTHENTIC_ACCOUNTS,,TOTAL,,,,,,,,,,,,,,
All,Pornhub,2025-07-01/2025-12-31,KEYWORD_INAUTHENTIC_LISTINGS,,TOTAL,,,,,,,,,,,,,,
All,Pornhub,2025-07-01/2025-12-31,KEYWORD_INAUTHENTIC_USER_REVIEWS,,TOTAL,,,,,,,,,,,,,,
All,Pornhub,2025-07-01/2025-12-31,KEYWORD_PHISHING,,TOTAL,,,,,,,,,,,,,,
All,Pornhub,2025-07-01/2025-12-31,KEYWORD_PYRAMID_SCHEMES,,TOTAL,,,,,,,,,,,,,,
All,Pornhub,2025-07-01/2025-12-31,KEYWORD_OTHER,"Text to detail the ""Other"" keyword.",TOTAL,,,,,,,,,,,,,,
All,Pornhub,2025-07-01/2025-12-31,STATEMENT_CATEGORY_SELF_HARM,,TOTAL,0.0,0.0,0,0,0.0,0,0,,,,,,,
All,Pornhub,2025-07-01/2025-12-31,KEYWORD_CONTENT_PROMOTING_EATING_DISORDERS,,TOTAL,,,,,,,,,,,,,,
All,Pornhub,2025-07-01/2025-12-31,KEYWORD_SELF_MUTILATION,,TOTAL,,,,,,,,,,,,,,
All,Pornhub,2025-07-01/2025-12-31,KEYWORD_SUICIDE,,TOTAL,,,,,,,,,,,,,,
All,Pornhub,2025-07-01/2025-12-31,KEYWORD_OTHER,"Text to detail the ""Other"" keyword.",TOTAL,,,,,,,,,,,,,,
All,Pornhub,2025-07-01/2025-12-31,STATEMENT_CATEGORY_UNSAFE_AND_PROHIBITED_PRODUCTS,,TOTAL,0.0,0.0,0,0,0.0,0,0,,,,,,,
All,Pornhub,2025-07-01/2025-12-31,KEYWORD_PROHIBITED_PRODUCTS,,TOTAL,,,,,,,,,,,,,,
All,Pornhub,2025-07-01/2025-12-31,KEYWORD_UNSAFE_PRODUCTS,,TOTAL,,,,,,,,,,,,,,
All,Pornhub,2025-07-01/2025-12-31,KEYWORD_OTHER,"Text to detail the ""Other"" keyword.",TOTAL,,,,,,,,,,,,,,
All,Pornhub,2025-07-01/2025-12-31,STATEMENT_CATEGORY_VIOLENCE,,TOTAL,0.0,0.0,Within 24 hours,8:17 HRS,1.0,Within 24 hours,7:47 HRS,,,,,,We provide an immediate automated response to acknowledge receipt,
All,Pornhub,2025-07-01/2025-12-31,KEYWORD_COORDINATED_HARM,,TOTAL,,,,,,,,,,,,,,
All,Pornhub,2025-07-01/2025-12-31,KEYWORD_INCITEMENT_VIOLENCE_HATRED,,TOTAL,,,,,,,,,,,,,,
All,Pornhub,2025-07-01/2025-12-31,KEYWORD_HUMAN_EXPLOITATION,,TOTAL,,,,,,,,,,,,,,
All,Pornhub,2025-07-01/2025-12-31,KEYWORD_HUMAN_TRAFFICKING,,TOTAL,,,,,,,,,,,,,,
All,Pornhub,2025-07-01/2025-12-31,KEYWORD_TRAFFICKING_WOMEN_GIRLS,,TOTAL,,,,,,,,,,,,,,
All,Pornhub,2025-07-01/2025-12-31,KEYWORD_OTHER,"Text to detail the ""Other"" keyword.",TOTAL,,,,,,,,,,,,,,
All,Pornhub,2025-07-01/2025-12-31,STATEMENT_CATEGORY_NOT_SPECIFIED_ORDER,,TOTAL,0.0,0.0,Within 24 hours,8:17 HRS,4.0,Within 24 hours,7:47 HRS,,,,,,We provide an immediate automated response to acknowledge receipt,
All,Pornhub,2025-07-01/2025-12-31,TOTAL,,BE,0.0,0.0,,,1.0,Within 24 hours,6 hours,,,,,,We provide an immediate automated response to acknowledge receipt,
All,Pornhub,2025-07-01/2025-12-31,STATEMENT_CATEGORY_ANIMAL_WELFARE,,BE,0.0,0.0,,,0.0,,,,,,,,,
All,Pornhub,2025-07-01/2025-12-31,KEYWORD_ANIMAL_HARM,,BE,,,,,,,,,,,,,,
All,Pornhub,2025-07-01/2025-12-31,KEYWORD_UNLAWFUL_SALE_ANIMALS,,BE,,,,,,,,,,,,,,
All,Pornhub,2025-07-01/2025-12-31,KEYWORD_OTHER,"Text to detail the ""Other"" keyword.",BE,,,,,,,,,,,,,,
All,Pornhub,2025-07-01/2025-12-31,STATEMENT_CATEGORY_CONSUMER_INFORMATION,,BE,0.0,0.0,,,0.0,,,,,,,,,
All,Pornhub,2025-07-01/2025-12-31,KEYWORD_HIDDEN_ADVERTISEMENT,,BE,,,,,,,,,,,,,,
All,Pornhub,2025-07-01/2025-12-31,KEYWORD_INSUFFICIENT_INFORMATION_ON_TRADERS,,BE,,,,,,,,,,,,,,
All,Pornhub,2025-07-01/2025-12-31,KEYWORD_MISLEADING_INFO_GOODS_SERVICES,,BE,,,,,,,,,,,,,,
All,Pornhub,2025-07-01/2025-12-31,KEYWORD_MISLEADING_INFO_CONSUMER_RIGHTS,,BE,,,,,,,,,,,,,,
All,Pornhub,2025-07-01/2025-12-31,KEYWORD_NONCOMPLIANCE_PRICING,,BE,,,,,,,,,,,,,,
All,Pornhub,2025-07-01/2025-12-31,KEYWORD_OTHER,"Text to detail the ""Other"" keyword.",BE,,,,,,,,,,,,,,
All,Pornhub,2025-07-01/2025-12-31,STATEMENT_CATEGORY_CYBER_VIOLENCE,,BE,0.0,0.0,,,0.0,,,,,,,,,
All,Pornhub,2025-07-01/2025-12-31,KEYWORD_CYBER_BULLYING_INTIMIDATION,,BE,,,,,,,,,,,,,,
All,Pornhub,2025-07-01/2025-12-31,KEYWORD_CYBER_HARASSMENT,,BE,,,,,,,,,,,,,,
All,Pornhub,2025-07-01/2025-12-31,KEYWORD_CYBER_INCITEMENT,,BE,,,,,,,,,,,,,,
All,Pornhub,2025-07-01/2025-12-31,KEYWORD_CYBER_STALKING,,BE,,,,,,,,,,,,,,
All,Pornhub,2025-07-01/2025-12-31,KEYWORD_NON_CONSENSUAL_IMAGE_SHARING,,BE,,,,,,,,,,,,,,
All,Pornhub,2025-07-01/2025-12-31,KEYWORD_NON_CONSENSUAL_MATERIAL_DEEPFAKE,,BE,,,,,,,,,,,,,,
All,Pornhub,2025-07-01/2025-12-31,KEYWORD_OTHER,"Text to detail the ""Other"" keyword.",BE,,,,,,,,,,,,,,
All,Pornhub,2025-07-01/2025-12-31,STATEMENT_CATEGORY_CYBER_VIOLENCE_AGAINST_WOMEN,,BE,0.0,0.0,,,0.0,,,,,,,,,
All,Pornhub,2025-07-01/2025-12-31,KEYWORD_BULLYING_AGAINST_GIRLS,,BE,,,,,,,,,,,,,,
All,Pornhub,2025-07-01/2025-12-31,KEYWORD_CYBER_HARASSMENT_AGAINST_WOMEN,,BE,,,,,,,,,,,,,,
All,Pornhub,2025-07-01/2025-12-31,KEYWORD_CYBER_STALKING_AGAINST_WOMEN,,BE,,,,,,,,,,,,,,
All,Pornhub,2025-07-01/2025-12-31,KEYWORD_FEMALE_GENDERED_DISINFORMATION,,BE,,,,,,,,,,,,,,
All,Pornhub,2025-07-01/2025-12-31,KEYWORD_INCITEMENT_AGAINST_WOMEN,,BE,,,,,,,,,,,,,,
All,Pornhub,2025-07-01/2025-12-31,KEYWORD_NON_CONSENSUAL_IMAGE_SHARING_AGAINST_WOMEN,,BE,,,,,,,,,,,,,,
All,Pornhub,2025-07-01/2025-12-31,KEYWORD_NON_CONSENSUAL_MATERIAL_DEEPFAKE_AGAINST_WOMEN,,BE,,,,,,,,,,,,,,
All,Pornhub,2025-07-01/2025-12-31,KEYWORD_OTHER,"Text to detail the ""Other"" keyword.",BE,,,,,,,,,,,,,,
All,Pornhub,2025-07-01/2025-12-31,STATEMENT_CATEGORY_DATA_PROTECTION_AND_PRIVACY_VIOLATIONS,,BE,0.0,0.0,,,0.0,,,,,,,,,
All,Pornhub,2025-07-01/2025-12-31,KEYWORD_BIOMETRIC_DATA_BREACH,,BE,,,,,,,,,,,,,,
All,Pornhub,2025-07-01/2025-12-31,KEYWORD_DATA_FALSIFICATION,,BE,,,,,,,,,,,,,,
All,Pornhub,2025-07-01/2025-12-31,KEYWORD_MISSING_PROCESSING_GROUND,,BE,,,,,,,,,,,,,,
All,Pornhub,2025-07-01/2025-12-31,KEYWORD_RIGHT_TO_BE_FORGOTTEN,,BE,,,,,,,,,,,,,,
All,Pornhub,2025-07-01/2025-12-31,KEYWORD_OTHER,"Text to detail the ""Other"" keyword.",BE,,,,,,,,,,,,,,
All,Pornhub,2025-07-01/2025-12-31,STATEMENT_CATEGORY_ILLEGAL_OR_HARMFUL_SPEECH,,BE,0.0,0.0,,,0.0,,,,,,,,,
All,Pornhub,2025-07-01/2025-12-31,KEYWORD_DEFAMATION,,BE,,,,,,,,,,,,,,
All,Pornhub,2025-07-01/2025-12-31,KEYWORD_DISCRIMINATION,,BE,,,,,,,,,,,,,,
All,Pornhub,2025-07-01/2025-12-31,KEYWORD_HATE_SPEECH,,BE,,,,,,,,,,,,,,
All,Pornhub,2025-07-01/2025-12-31,KEYWORD_OTHER,"Text to detail the ""Other"" keyword.",BE,,,,,,,,,,,,,,
All,Pornhub,2025-07-01/2025-12-31,STATEMENT_CATEGORY_INTELLECTUAL_PROPERTY_INFRINGEMENTS,,BE,0.0,0.0,,,0.0,,,,,,,,,
All,Pornhub,2025-07-01/2025-12-31,KEYWORD_COPYRIGHT_INFRINGEMENT,,BE,,,,,,,,,,,,,,
All,Pornhub,2025-07-01/2025-12-31,KEYWORD_DESIGN_INFRINGEMENT,,BE,,,,,,,,,,,,,,
All,Pornhub,2025-07-01/2025-12-31,KEYWORD_GEOGRAPHIC_INDICATIONS_INFRINGEMENT,,BE,,,,,,,,,,,,,,
All,Pornhub,2025-07-01/2025-12-31,KEYWORD_PATENT_INFRINGEMENT,,BE,,,,,,,,,,,,,,
All,Pornhub,2025-07-01/2025-12-31,KEYWORD_TRADE_SECRET_INFRINGEMENT,,BE,,,,,,,,,,,,,,
All,Pornhub,2025-07-01/2025-12-31,KEYWORD_TRADEMARK_INFRINGEMENT,,BE,,,,,,,,,,,,,,
All,Pornhub,2025-07-01/2025-12-31,KEYWORD_OTHER,"Text to detail the ""Other"" keyword.",BE,,,,,,,,,,,,,,
All,Pornhub,2025-07-01/2025-12-31,STATEMENT_CATEGORY_NEGATIVE_EFFECTS_ON_CIVIC_DISCOURSE_OR_ELECTIONS,,BE,0.0,0.0,,,0.0,,,,,,,,,
All,Pornhub,2025-07-01/2025-12-31,KEYWORD_MISINFORMATION_DISINFORMATION,,BE,,,,,,,,,,,,,,
All,Pornhub,2025-07-01/2025-12-31,KEYWORD_VIOLATION_EU_LAW,,BE,,,,,,,,,,,,,,
All,Pornhub,2025-07-01/2025-12-31,KEYWORD_VIOLATION_NATIONAL_LAW,,BE,,,,,,,,,,,,,,
All,Pornhub,2025-07-01/2025-12-31,KEYWORD_OTHER,"Text to detail the ""Other"" keyword.",BE,,,,,,,,,,,,,,
All,Pornhub,2025-07-01/2025-12-31,STATEMENT_CATEGORY_PROTECTION_OF_MINORS,,BE,0.0,0.0,,,0.0,,,,,,,,,
All,Pornhub,2025-07-01/2025-12-31,KEYWORD_AGE_SPECIFIC_RESTRICTIONS_MINORS,,BE,,,,,,,,,,,,,,
All,Pornhub,2025-07-01/2025-12-31,KEYWORD_CHILD_SEXUAL_ABUSE_MATERIAL,,BE,,,,,,,,,,,,,,
All,Pornhub,2025-07-01/2025-12-31,KEYWORD_GROOMING_SEXUAL_ENTICEMENT_MINORS,,BE,,,,,,,,,,,,,,
All,Pornhub,2025-07-01/2025-12-31,KEYWORD_UNSAFE_CHALLENGES,,BE,,,,,,,,,,,,,,
All,Pornhub,2025-07-01/2025-12-31,KEYWORD_OTHER,"Text to detail the ""Other"" keyword.",BE,,,,,,,,,,,,,,
All,Pornhub,2025-07-01/2025-12-31,STATEMENT_CATEGORY_RISK_FOR_PUBLIC_SECURITY,,BE,0.0,0.0,,,0.0,,,,,,,,,
All,Pornhub,2025-07-01/2025-12-31,KEYWORD_ILLEGAL_ORGANIZATIONS,,BE,,,,,,,,,,,,,,
All,Pornhub,2025-07-01/2025-12-31,KEYWORD_RISK_ENVIRONMENTAL_DAMAGE,,BE,,,,,,,,,,,,,,
All,Pornhub,2025-07-01/2025-12-31,KEYWORD_RISK_PUBLIC_HEALTH,,BE,,,,,,,,,,,,,,
All,Pornhub,2025-07-01/2025-12-31,KEYWORD_TERRORIST_CONTENT,,BE,,,,,,,,,,,,,,
All,Pornhub,2025-07-01/2025-12-31,KEYWORD_OTHER,"Text to detail the ""Other"" keyword.",BE,,,,,,,,,,,,,,
All,Pornhub,2025-07-01/2025-12-31,STATEMENT_CATEGORY_SCAMS_AND_FRAUD,,BE,0.0,0.0,,,1.0,Within 24 hours,6 hours,,,,,,We provide an immediate automated response to acknowledge receipt,
All,Pornhub,2025-07-01/2025-12-31,KEYWORD_IMPERSONATION_ACCOUNT_HIJACKING,,BE,,,,,,,,,,,,,,
All,Pornhub,2025-07-01/2025-12-31,KEYWORD_INAUTHENTIC_ACCOUNTS,,BE,,,,,,,,,,,,,,
All,Pornhub,2025-07-01/2025-12-31,KEYWORD_INAUTHENTIC_LISTINGS,,BE,,,,,,,,,,,,,,
All,Pornhub,2025-07-01/2025-12-31,KEYWORD_INAUTHENTIC_USER_REVIEWS,,BE,,,,,,,,,,,,,,
All,Pornhub,2025-07-01/2025-12-31,KEYWORD_PHISHING,,BE,,,,,,,,,,,,,,
All,Pornhub,2025-07-01/2025-12-31,KEYWORD_PYRAMID_SCHEMES,,BE,,,,,,,,,,,,,,
All,Pornhub,2025-07-01/2025-12-31,KEYWORD_OTHER,"Text to detail the ""Other"" keyword.",BE,,,,,,,,,,,,,,
All,Pornhub,2025-07-01/2025-12-31,STATEMENT_CATEGORY_SELF_HARM,,BE,0.0,0.0,,,0.0,,,,,,,,,
All,Pornhub,2025-07-01/2025-12-31,KEYWORD_CONTENT_PROMOTING_EATING_DISORDERS,,BE,,,,,,,,,,,,,,
All,Pornhub,2025-07-01/2025-12-31,KEYWORD_SELF_MUTILATION,,BE,,,,,,,,,,,,,,
All,Pornhub,2025-07-01/2025-12-31,KEYWORD_SUICIDE,,BE,,,,,,,,,,,,,,
All,Pornhub,2025-07-01/2025-12-31,KEYWORD_OTHER,"Text to detail the ""Other"" keyword.",BE,,,,,,,,,,,,,,
All,Pornhub,2025-07-01/2025-12-31,STATEMENT_CATEGORY_UNSAFE_AND_PROHIBITED_PRODUCTS,,BE,0.0,0.0,,,0.0,,,,,,,,,
All,Pornhub,2025-07-01/2025-12-31,KEYWORD_PROHIBITED_PRODUCTS,,BE,,,,,,,,,,,,,,
All,Pornhub,2025-07-01/2025-12-31,KEYWORD_UNSAFE_PRODUCTS,,BE,,,,,,,,,,,,,,
All,Pornhub,2025-07-01/2025-12-31,KEYWORD_OTHER,"Text to detail the ""Other"" keyword.",BE,,,,,,,,,,,,,,
All,Pornhub,2025-07-01/2025-12-31,STATEMENT_CATEGORY_VIOLENCE,,BE,0.0,0.0,,,0.0,,,,,,,,,
All,Pornhub,2025-07-01/2025-12-31,KEYWORD_COORDINATED_HARM,,BE,,,,,,,,,,,,,,
All,Pornhub,2025-07-01/2025-12-31,KEYWORD_INCITEMENT_VIOLENCE_HATRED,,BE,,,,,,,,,,,,,,
All,Pornhub,2025-07-01/2025-12-31,KEYWORD_HUMAN_EXPLOITATION,,BE,,,,,,,,,,,,,,
All,Pornhub,2025-07-01/2025-12-31,KEYWORD_HUMAN_TRAFFICKING,,BE,,,,,,,,,,,,,,
All,Pornhub,2025-07-01/2025-12-31,KEYWORD_TRAFFICKING_WOMEN_GIRLS,,BE,,,,,,,,,,,,,,
All,Pornhub,2025-07-01/2025-12-31,KEYWORD_OTHER,"Text to detail the ""Other"" keyword.",BE,,,,,,,,,,,,,,
All,Pornhub,2025-07-01/2025-12-31,STATEMENT_CATEGORY_NOT_SPECIFIED_ORDER,,BE,0.0,0.0,,,0.0,,,,,,,,,
All,Pornhub,2025-07-01/2025-12-31,TOTAL,,DE,1.0,0.0,Within 24 hours,8:17 HRS,2.0,Within 24 hours,04:35:00,,,We provide an immediate automated response to acknowledge receipt,,,We provide an immediate automated response to acknowledge receipt,
All,Pornhub,2025-07-01/2025-12-31,STATEMENT_CATEGORY_ANIMAL_WELFARE,,DE,0.0,0.0,,,0.0,,,,,,,,,
All,Pornhub,2025-07-01/2025-12-31,KEYWORD_ANIMAL_HARM,,DE,,,,,,,,,,,,,,
All,Pornhub,2025-07-01/2025-12-31,KEYWORD_UNLAWFUL_SALE_ANIMALS,,DE,,,,,,,,,,,,,,
All,Pornhub,2025-07-01/2025-12-31,KEYWORD_OTHER,"Text to detail the ""Other"" keyword.",DE,,,,,,,,,,,,,,
All,Pornhub,2025-07-01/2025-12-31,STATEMENT_CATEGORY_CONSUMER_INFORMATION,,DE,0.0,0.0,,,0.0,,,,,,,,,
All,Pornhub,2025-07-01/2025-12-31,KEYWORD_HIDDEN_ADVERTISEMENT,,DE,,,,,,,,,,,,,,
All,Pornhub,2025-07-01/2025-12-31,KEYWORD_INSUFFICIENT_INFORMATION_ON_TRADERS,,DE,,,,,,,,,,,,,,
All,Pornhub,2025-07-01/2025-12-31,KEYWORD_MISLEADING_INFO_GOODS_SERVICES,,DE,,,,,,,,,,,,,,
All,Pornhub,2025-07-01/2025-12-31,KEYWORD_MISLEADING_INFO_CONSUMER_RIGHTS,,DE,,,,,,,,,,,,,,
All,Pornhub,2025-07-01/2025-12-31,KEYWORD_NONCOMPLIANCE_PRICING,,DE,,,,,,,,,,,,,,
All,Pornhub,2025-07-01/2025-12-31,KEYWORD_OTHER,"Text to detail the ""Other"" keyword.",DE,,,,,,,,,,,,,,
All,Pornhub,2025-07-01/2025-12-31,STATEMENT_CATEGORY_CYBER_VIOLENCE,,DE,0.0,0.0,,,0.0,,,,,,,,,
All,Pornhub,2025-07-01/2025-12-31,KEYWORD_CYBER_BULLYING_INTIMIDATION,,DE,,,,,,,,,,,,,,
All,Pornhub,2025-07-01/2025-12-31,KEYWORD_CYBER_HARASSMENT,,DE,,,,,,,,,,,,,,
All,Pornhub,2025-07-01/2025-12-31,KEYWORD_CYBER_INCITEMENT,,DE,,,,,,,,,,,,,,
All,Pornhub,2025-07-01/2025-12-31,KEYWORD_CYBER_STALKING,,DE,,,,,,,,,,,,,,
All,Pornhub,2025-07-01/2025-12-31,KEYWORD_NON_CONSENSUAL_IMAGE_SHARING,,DE,,,,,,,,,,,,,,
All,Pornhub,2025-07-01/2025-12-31,KEYWORD_NON_CONSENSUAL_MATERIAL_DEEPFAKE,,DE,,,,,,,,,,,,,,
All,Pornhub,2025-07-01/2025-12-31,KEYWORD_OTHER,"Text to detail the ""Other"" keyword.",DE,,,,,,,,,,,,,,
All,Pornhub,2025-07-01/2025-12-31,STATEMENT_CATEGORY_CYBER_VIOLENCE_AGAINST_WOMEN,,DE,0.0,0.0,,,0.0,,,,,,,,,
All,Pornhub,2025-07-01/2025-12-31,KEYWORD_BULLYING_AGAINST_GIRLS,,DE,,,,,,,,,,,,,,
All,Pornhub,2025-07-01/2025-12-31,KEYWORD_CYBER_HARASSMENT_AGAINST_WOMEN,,DE,,,,,,,,,,,,,,
All,Pornhub,2025-07-01/2025-12-31,KEYWORD_CYBER_STALKING_AGAINST_WOMEN,,DE,,,,,,,,,,,,,,
All,Pornhub,2025-07-01/2025-12-31,KEYWORD_FEMALE_GENDERED_DISINFORMATION,,DE,,,,,,,,,,,,,,
All,Pornhub,2025-07-01/2025-12-31,KEYWORD_INCITEMENT_AGAINST_WOMEN,,DE,,,,,,,,,,,,,,
All,Pornhub,2025-07-01/2025-12-31,KEYWORD_NON_CONSENSUAL_IMAGE_SHARING_AGAINST_WOMEN,,DE,,,,,,,,,,,,,,
All,Pornhub,2025-07-01/2025-12-31,KEYWORD_NON_CONSENSUAL_MATERIAL_DEEPFAKE_AGAINST_WOMEN,,DE,,,,,,,,,,,,,,
All,Pornhub,2025-07-01/2025-12-31,KEYWORD_OTHER,"Text to detail the ""Other"" keyword.",DE,,,,,,,,,,,,,,
All,Pornhub,2025-07-01/2025-12-31,STATEMENT_CATEGORY_DATA_PROTECTION_AND_PRIVACY_VIOLATIONS,,DE,0.0,0.0,,,0.0,,,,,,,,,
All,Pornhub,2025-07-01/2025-12-31,KEYWORD_BIOMETRIC_DATA_BREACH,,DE,,,,,,,,,,,,,,
All,Pornhub,2025-07-01/2025-12-31,KEYWORD_DATA_FALSIFICATION,,DE,,,,,,,,,,,,,,
All,Pornhub,2025-07-01/2025-12-31,KEYWORD_MISSING_PROCESSING_GROUND,,DE,,,,,,,,,,,,,,
All,Pornhub,2025-07-01/2025-12-31,KEYWORD_RIGHT_TO_BE_FORGOTTEN,,DE,,,,,,,,,,,,,,
All,Pornhub,2025-07-01/2025-12-31,KEYWORD_OTHER,"Text to detail the ""Other"" keyword.",DE,,,,,,,,,,,,,,
All,Pornhub,2025-07-01/2025-12-31,STATEMENT_CATEGORY_ILLEGAL_OR_HARMFUL_SPEECH,,DE,0.0,0.0,,,0.0,,,,,,,,,
All,Pornhub,2025-07-01/2025-12-31,KEYWORD_DEFAMATION,,DE,,,,,,,,,,,,,,
All,Pornhub,2025-07-01/2025-12-31,KEYWORD_DISCRIMINATION,,DE,,,,,,,,,,,,,,
All,Pornhub,2025-07-01/2025-12-31,KEYWORD_HATE_SPEECH,,DE,,,,,,,,,,,,,,
All,Pornhub,2025-07-01/2025-12-31,KEYWORD_OTHER,"Text to detail the ""Other"" keyword.",DE,,,,,,,,,,,,,,
All,Pornhub,2025-07-01/2025-12-31,STATEMENT_CATEGORY_INTELLECTUAL_PROPERTY_INFRINGEMENTS,,DE,0.0,0.0,,,0.0,,,,,,,,,
All,Pornhub,2025-07-01/2025-12-31,KEYWORD_COPYRIGHT_INFRINGEMENT,,DE,,,,,,,,,,,,,,
All,Pornhub,2025-07-01/2025-12-31,KEYWORD_DESIGN_INFRINGEMENT,,DE,,,,,,,,,,,,,,
All,Pornhub,2025-07-01/2025-12-31,KEYWORD_GEOGRAPHIC_INDICATIONS_INFRINGEMENT,,DE,,,,,,,,,,,,,,
All,Pornhub,2025-07-01/2025-12-31,KEYWORD_PATENT_INFRINGEMENT,,DE,,,,,,,,,,,,,,
All,Pornhub,2025-07-01/2025-12-31,KEYWORD_TRADE_SECRET_INFRINGEMENT,,DE,,,,,,,,,,,,,,
All,Pornhub,2025-07-01/2025-12-31,KEYWORD_TRADEMARK_INFRINGEMENT,,DE,,,,,,,,,,,,,,
All,Pornhub,2025-07-01/2025-12-31,KEYWORD_OTHER,"Text to detail the ""Other"" keyword.",DE,,,,,,,,,,,,,,
All,Pornhub,2025-07-01/2025-12-31,STATEMENT_CATEGORY_NEGATIVE_EFFECTS_ON_CIVIC_DISCOURSE_OR_ELECTIONS,,DE,0.0,0.0,,,0.0,,,,,,,,,
All,Pornhub,2025-07-01/2025-12-31,KEYWORD_MISINFORMATION_DISINFORMATION,,DE,,,,,,,,,,,,,,
All,Pornhub,2025-07-01/2025-12-31,KEYWORD_VIOLATION_EU_LAW,,DE,,,,,,,,,,,,,,
All,Pornhub,2025-07-01/2025-12-31,KEYWORD_VIOLATION_NATIONAL_LAW,,DE,,,,,,,,,,,,,,
All,Pornhub,2025-07-01/2025-12-31,KEYWORD_OTHER,"Text to detail the ""Other"" keyword.",DE,,,,,,,,,,,,,,
All,Pornhub,2025-07-01/2025-12-31,STATEMENT_CATEGORY_PROTECTION_OF_MINORS,,DE,1.0,0.0,Within 24 hours,7 hours,0.0,,,,,We provide an immediate automated response to acknowledge receipt,,,,
All,Pornhub,2025-07-01/2025-12-31,KEYWORD_AGE_SPECIFIC_RESTRICTIONS_MINORS,,DE,,,,,,,,,,,,,,
All,Pornhub,2025-07-01/2025-12-31,KEYWORD_CHILD_SEXUAL_ABUSE_MATERIAL,,DE,1.0,,Within 24 hours,7 hours,,,,,,We provide an immediate automated response to acknowledge receipt,,,,
All,Pornhub,2025-07-01/2025-12-31,KEYWORD_GROOMING_SEXUAL_ENTICEMENT_MINORS,,DE,,,,,,,,,,,,,,
All,Pornhub,2025-07-01/2025-12-31,KEYWORD_UNSAFE_CHALLENGES,,DE,,,,,,,,,,,,,,
All,Pornhub,2025-07-01/2025-12-31,KEYWORD_OTHER,"Text to detail the ""Other"" keyword.",DE,,,,,,,,,,,,,,
All,Pornhub,2025-07-01/2025-12-31,STATEMENT_CATEGORY_RISK_FOR_PUBLIC_SECURITY,,DE,0.0,0.0,,,0.0,,,,,,,,,
All,Pornhub,2025-07-01/2025-12-31,KEYWORD_ILLEGAL_ORGANIZATIONS,,DE,,,,,,,,,,,,,,
All,Pornhub,2025-07-01/2025-12-31,KEYWORD_RISK_ENVIRONMENTAL_DAMAGE,,DE,,,,,,,,,,,,,,
All,Pornhub,2025-07-01/2025-12-31,KEYWORD_RISK_PUBLIC_HEALTH,,DE,,,,,,,,,,,,,,
All,Pornhub,2025-07-01/2025-12-31,KEYWORD_TERRORIST_CONTENT,,DE,,,,,,,,,,,,,,
All,Pornhub,2025-07-01/2025-12-31,KEYWORD_OTHER,"Text to detail the ""Other"" keyword.",DE,,,,,,,,,,,,,,
All,Pornhub,2025-07-01/2025-12-31,STATEMENT_CATEGORY_SCAMS_AND_FRAUD,,DE,0.0,0.0,,,1.0,Within 24 hours,3.59 hours,,,,,,We provide an immediate automated response to acknowledge receipt,
All,Pornhub,2025-07-01/2025-12-31,KEYWORD_IMPERSONATION_ACCOUNT_HIJACKING,,DE,,,,,,,,,,,,,,
All,Pornhub,2025-07-01/2025-12-31,KEYWORD_INAUTHENTIC_ACCOUNTS,,DE,,,,,,,,,,,,,,
All,Pornhub,2025-07-01/2025-12-31,KEYWORD_INAUTHENTIC_LISTINGS,,DE,,,,,,,,,,,,,,
All,Pornhub,2025-07-01/2025-12-31,KEYWORD_INAUTHENTIC_USER_REVIEWS,,DE,,,,,,,,,,,,,,
All,Pornhub,2025-07-01/2025-12-31,KEYWORD_PHISHING,,DE,,,,,,,,,,,,,,
All,Pornhub,2025-07-01/2025-12-31,KEYWORD_PYRAMID_SCHEMES,,DE,,,,,,,,,,,,,,
All,Pornhub,2025-07-01/2025-12-31,KEYWORD_OTHER,"Text to detail the ""Other"" keyword.",DE,,,,,1.0,Within 24 hours,3.59 hours,,,,,,We provide an immediate automated response to acknowledge receipt,
All,Pornhub,2025-07-01/2025-12-31,STATEMENT_CATEGORY_SELF_HARM,,DE,0.0,0.0,,,0.0,,,,,,,,,
All,Pornhub,2025-07-01/2025-12-31,KEYWORD_CONTENT_PROMOTING_EATING_DISORDERS,,DE,,,,,,,,,,,,,,
All,Pornhub,2025-07-01/2025-12-31,KEYWORD_SELF_MUTILATION,,DE,,,,,,,,,,,,,,
All,Pornhub,2025-07-01/2025-12-31,KEYWORD_SUICIDE,,DE,,,,,,,,,,,,,,
All,Pornhub,2025-07-01/2025-12-31,KEYWORD_OTHER,"Text to detail the ""Other"" keyword.",DE,,,,,,,,,,,,,,
All,Pornhub,2025-07-01/2025-12-31,STATEMENT_CATEGORY_UNSAFE_AND_PROHIBITED_PRODUCTS,,DE,0.0,0.0,,,0.0,,,,,,,,,
All,Pornhub,2025-07-01/2025-12-31,KEYWORD_PROHIBITED_PRODUCTS,,DE,,,,,,,,,,,,,,
All,Pornhub,2025-07-01/2025-12-31,KEYWORD_UNSAFE_PRODUCTS,,DE,,,,,,,,,,,,,,
All,Pornhub,2025-07-01/2025-12-31,KEYWORD_OTHER,"Text to detail the ""Other"" keyword.",DE,,,,,,,,,,,,,,
All,Pornhub,2025-07-01/2025-12-31,STATEMENT_CATEGORY_VIOLENCE,,DE,0.0,0.0,,,0.0,,,,,,,,,
All,Pornhub,2025-07-01/2025-12-31,KEYWORD_COORDINATED_HARM,,DE,,,,,,,,,,,,,,
All,Pornhub,2025-07-01/2025-12-31,KEYWORD_INCITEMENT_VIOLENCE_HATRED,,DE,,,,,,,,,,,,,,
All,Pornhub,2025-07-01/2025-12-31,KEYWORD_HUMAN_EXPLOITATION,,DE,,,,,,,,,,,,,,
All,Pornhub,2025-07-01/2025-12-31,KEYWORD_HUMAN_TRAFFICKING,,DE,,,,,,,,,,,,,,
All,Pornhub,2025-07-01/2025-12-31,KEYWORD_TRAFFICKING_WOMEN_GIRLS,,DE,,,,,,,,,,,,,,
All,Pornhub,2025-07-01/2025-12-31,KEYWORD_OTHER,"Text to detail the ""Other"" keyword.",DE,,,,,,,,,,,,,,
All,Pornhub,2025-07-01/2025-12-31,STATEMENT_CATEGORY_NOT_SPECIFIED_ORDER,,DE,0.0,0.0,,,1.0,Within 24 hours,4.35 hours,,,,,,We provide an immediate automated response to acknowledge receipt,
All,Pornhub,2025-07-01/2025-12-31,TOTAL,,DK,1.0,0.0,Within 24 hours,10.25 hours,0.0,,,,,We provide an immediate automated response to acknowledge receipt,,,,
All,Pornhub,2025-07-01/2025-12-31,STATEMENT_CATEGORY_ANIMAL_WELFARE,,DK,0.0,0.0,,,0.0,,,,,,,,,
All,Pornhub,2025-07-01/2025-12-31,KEYWORD_ANIMAL_HARM,,DK,,,,,,,,,,,,,,
All,Pornhub,2025-07-01/2025-12-31,KEYWORD_UNLAWFUL_SALE_ANIMALS,,DK,,,,,,,,,,,,,,
All,Pornhub,2025-07-01/2025-12-31,KEYWORD_OTHER,"Text to detail the ""Other"" keyword.",DK,,,,,,,,,,,,,,
All,Pornhub,2025-07-01/2025-12-31,STATEMENT_CATEGORY_CONSUMER_INFORMATION,,DK,0.0,0.0,,,0.0,,,,,,,,,
All,Pornhub,2025-07-01/2025-12-31,KEYWORD_HIDDEN_ADVERTISEMENT,,DK,,,,,,,,,,,,,,
All,Pornhub,2025-07-01/2025-12-31,KEYWORD_INSUFFICIENT_INFORMATION_ON_TRADERS,,DK,,,,,,,,,,,,,,
All,Pornhub,2025-07-01/2025-12-31,KEYWORD_MISLEADING_INFO_GOODS_SERVICES,,DK,,,,,,,,,,,,,,
All,Pornhub,2025-07-01/2025-12-31,KEYWORD_MISLEADING_INFO_CONSUMER_RIGHTS,,DK,,,,,,,,,,,,,,
All,Pornhub,2025-07-01/2025-12-31,KEYWORD_NONCOMPLIANCE_PRICING,,DK,,,,,,,,,,,,,,
All,Pornhub,2025-07-01/2025-12-31,KEYWORD_OTHER,"Text to detail the ""Other"" keyword.",DK,,,,,,,,,,,,,,
All,Pornhub,2025-07-01/2025-12-31,STATEMENT_CATEGORY_CYBER_VIOLENCE,,DK,1.0,0.0,Within 24 hours,10.25 hours,0.0,,,,,We provide an immediate automated response to acknowledge receipt,,,,
All,Pornhub,2025-07-01/2025-12-31,KEYWORD_CYBER_BULLYING_INTIMIDATION,,DK,,,,,,,,,,,,,,
All,Pornhub,2025-07-01/2025-12-31,KEYWORD_CYBER_HARASSMENT,,DK,,,,,,,,,,,,,,
All,Pornhub,2025-07-01/2025-12-31,KEYWORD_CYBER_INCITEMENT,,DK,,,,,,,,,,,,,,
All,Pornhub,2025-07-01/2025-12-31,KEYWORD_CYBER_STALKING,,DK,,,,,,,,,,,,,,
All,Pornhub,2025-07-01/2025-12-31,KEYWORD_NON_CONSENSUAL_IMAGE_SHARING,,DK,,,,,,,,,,,,,,
All,Pornhub,2025-07-01/2025-12-31,KEYWORD_NON_CONSENSUAL_MATERIAL_DEEPFAKE,,DK,,,,,,,,,,,,,,
All,Pornhub,2025-07-01/2025-12-31,KEYWORD_OTHER,"Text to detail the ""Other"" keyword.",DK,1.0,,Within 24 hours,10.25 hours,,,,,,We provide an immediate automated response to acknowledge receipt,,,,
All,Pornhub,2025-07-01/2025-12-31,STATEMENT_CATEGORY_CYBER_VIOLENCE_AGAINST_WOMEN,,DK,0.0,0.0,,,0.0,,,,,,,,,
All,Pornhub,2025-07-01/2025-12-31,KEYWORD_BULLYING_AGAINST_GIRLS,,DK,,,,,,,,,,,,,,
All,Pornhub,2025-07-01/2025-12-31,KEYWORD_CYBER_HARASSMENT_AGAINST_WOMEN,,DK,,,,,,,,,,,,,,
All,Pornhub,2025-07-01/2025-12-31,KEYWORD_CYBER_STALKING_AGAINST_WOMEN,,DK,,,,,,,,,,,,,,
All,Pornhub,2025-07-01/2025-12-31,KEYWORD_FEMALE_GENDERED_DISINFORMATION,,DK,,,,,,,,,,,,,,
All,Pornhub,2025-07-01/2025-12-31,KEYWORD_INCITEMENT_AGAINST_WOMEN,,DK,,,,,,,,,,,,,,
All,Pornhub,2025-07-01/2025-12-31,KEYWORD_NON_CONSENSUAL_IMAGE_SHARING_AGAINST_WOMEN,,DK,,,,,,,,,,,,,,
All,Pornhub,2025-07-01/2025-12-31,KEYWORD_NON_CONSENSUAL_MATERIAL_DEEPFAKE_AGAINST_WOMEN,,DK,,,,,,,,,,,,,,
All,Pornhub,2025-07-01/2025-12-31,KEYWORD_OTHER,"Text to detail the ""Other"" keyword.",DK,,,,,,,,,,,,,,
All,Pornhub,2025-07-01/2025-12-31,STATEMENT_CATEGORY_DATA_PROTECTION_AND_PRIVACY_VIOLATIONS,,DK,0.0,0.0,,,0.0,,,,,,,,,
All,Pornhub,2025-07-01/2025-12-31,KEYWORD_BIOMETRIC_DATA_BREACH,,DK,,,,,,,,,,,,,,
All,Pornhub,2025-07-01/2025-12-31,KEYWORD_DATA_FALSIFICATION,,DK,,,,,,,,,,,,,,
All,Pornhub,2025-07-01/2025-12-31,KEYWORD_MISSING_PROCESSING_GROUND,,DK,,,,,,,,,,,,,,
All,Pornhub,2025-07-01/2025-12-31,KEYWORD_RIGHT_TO_BE_FORGOTTEN,,DK,,,,,,,,,,,,,,
All,Pornhub,2025-07-01/2025-12-31,KEYWORD_OTHER,"Text to detail the ""Other"" keyword.",DK,,,,,,,,,,,,,,
All,Pornhub,2025-07-01/2025-12-31,STATEMENT_CATEGORY_ILLEGAL_OR_HARMFUL_SPEECH,,DK,0.0,0.0,,,0.0,,,,,,,,,
All,Pornhub,2025-07-01/2025-12-31,KEYWORD_DEFAMATION,,DK,,,,,,,,,,,,,,
All,Pornhub,2025-07-01/2025-12-31,KEYWORD_DISCRIMINATION,,DK,,,,,,,,,,,,,,
All,Pornhub,2025-07-01/2025-12-31,KEYWORD_HATE_SPEECH,,DK,,,,,,,,,,,,,,
All,Pornhub,2025-07-01/2025-12-31,KEYWORD_OTHER,"Text to detail the ""Other"" keyword.",DK,,,,,,,,,,,,,,
All,Pornhub,2025-07-01/2025-12-31,STATEMENT_CATEGORY_INTELLECTUAL_PROPERTY_INFRINGEMENTS,,DK,0.0,0.0,,,0.0,,,,,,,,,
All,Pornhub,2025-07-01/2025-12-31,KEYWORD_COPYRIGHT_INFRINGEMENT,,DK,,,,,,,,,,,,,,
All,Pornhub,2025-07-01/2025-12-31,KEYWORD_DESIGN_INFRINGEMENT,,DK,,,,,,,,,,,,,,
All,Pornhub,2025-07-01/2025-12-31,KEYWORD_GEOGRAPHIC_INDICATIONS_INFRINGEMENT,,DK,,,,,,,,,,,,,,
All,Pornhub,2025-07-01/2025-12-31,KEYWORD_PATENT_INFRINGEMENT,,DK,,,,,,,,,,,,,,
All,Pornhub,2025-07-01/2025-12-31,KEYWORD_TRADE_SECRET_INFRINGEMENT,,DK,,,,,,,,,,,,,,
All,Pornhub,2025-07-01/2025-12-31,KEYWORD_TRADEMARK_INFRINGEMENT,,DK,,,,,,,,,,,,,,
All,Pornhub,2025-07-01/2025-12-31,KEYWORD_OTHER,"Text to detail the ""Other"" keyword.",DK,,,,,,,,,,,,,,
All,Pornhub,2025-07-01/2025-12-31,STATEMENT_CATEGORY_NEGATIVE_EFFECTS_ON_CIVIC_DISCOURSE_OR_ELECTIONS,,DK,0.0,0.0,,,0.0,,,,,,,,,
All,Pornhub,2025-07-01/2025-12-31,KEYWORD_MISINFORMATION_DISINFORMATION,,DK,,,,,,,,,,,,,,
All,Pornhub,2025-07-01/2025-12-31,KEYWORD_VIOLATION_EU_LAW,,DK,,,,,,,,,,,,,,
All,Pornhub,2025-07-01/2025-12-31,KEYWORD_VIOLATION_NATIONAL_LAW,,DK,,,,,,,,,,,,,,
All,Pornhub,2025-07-01/2025-12-31,KEYWORD_OTHER,"Text to detail the ""Other"" keyword.",DK,,,,,,,,,,,,,,
All,Pornhub,2025-07-01/2025-12-31,STATEMENT_CATEGORY_PROTECTION_OF_MINORS,,DK,0.0,0.0,,,0.0,,,,,,,,,
All,Pornhub,2025-07-01/2025-12-31,KEYWORD_AGE_SPECIFIC_RESTRICTIONS_MINORS,,DK,,,,,,,,,,,,,,
All,Pornhub,2025-07-01/2025-12-31,KEYWORD_CHILD_SEXUAL_ABUSE_MATERIAL,,DK,,,,,,,,,,,,,,
All,Pornhub,2025-07-01/2025-12-31,KEYWORD_GROOMING_SEXUAL_ENTICEMENT_MINORS,,DK,,,,,,,,,,,,,,
All,Pornhub,2025-07-01/2025-12-31,KEYWORD_UNSAFE_CHALLENGES,,DK,,,,,,,,,,,,,,
All,Pornhub,2025-07-01/2025-12-31,KEYWORD_OTHER,"Text to detail the ""Other"" keyword.",DK,,,,,,,,,,,,,,
All,Pornhub,2025-07-01/2025-12-31,STATEMENT_CATEGORY_RISK_FOR_PUBLIC_SECURITY,,DK,0.0,0.0,,,0.0,,,,,,,,,
All,Pornhub,2025-07-01/2025-12-31,KEYWORD_ILLEGAL_ORGANIZATIONS,,DK,,,,,,,,,,,,,,
All,Pornhub,2025-07-01/2025-12-31,KEYWORD_RISK_ENVIRONMENTAL_DAMAGE,,DK,,,,,,,,,,,,,,
All,Pornhub,2025-07-01/2025-12-31,KEYWORD_RISK_PUBLIC_HEALTH,,DK,,,,,,,,,,,,,,
All,Pornhub,2025-07-01/2025-12-31,KEYWORD_TERRORIST_CONTENT,,DK,,,,,,,,,,,,,,
All,Pornhub,2025-07-01/2025-12-31,KEYWORD_OTHER,"Text to detail the ""Other"" keyword.",DK,,,,,,,,,,,,,,
All,Pornhub,2025-07-01/2025-12-31,STATEMENT_CATEGORY_SCAMS_AND_FRAUD,,DK,0.0,0.0,,,0.0,,,,,,,,,
All,Pornhub,2025-07-01/2025-12-31,KEYWORD_IMPERSONATION_ACCOUNT_HIJACKING,,DK,,,,,,,,,,,,,,
All,Pornhub,2025-07-01/2025-12-31,KEYWORD_INAUTHENTIC_ACCOUNTS,,DK,,,,,,,,,,,,,,
All,Pornhub,2025-07-01/2025-12-31,KEYWORD_INAUTHENTIC_LISTINGS,,DK,,,,,,,,,,,,,,
All,Pornhub,2025-07-01/2025-12-31,KEYWORD_INAUTHENTIC_USER_REVIEWS,,DK,,,,,,,,,,,,,,
All,Pornhub,2025-07-01/2025-12-31,KEYWORD_PHISHING,,DK,,,,,,,,,,,,,,
All,Pornhub,2025-07-01/2025-12-31,KEYWORD_PYRAMID_SCHEMES,,DK,,,,,,,,,,,,,,
All,Pornhub,2025-07-01/2025-12-31,KEYWORD_OTHER,"Text to detail the ""Other"" keyword.",DK,,,,,,,,,,,,,,
All,Pornhub,2025-07-01/2025-12-31,STATEMENT_CATEGORY_SELF_HARM,,DK,0.0,0.0,,,0.0,,,,,,,,,
All,Pornhub,2025-07-01/2025-12-31,KEYWORD_CONTENT_PROMOTING_EATING_DISORDERS,,DK,,,,,,,,,,,,,,
All,Pornhub,2025-07-01/2025-12-31,KEYWORD_SELF_MUTILATION,,DK,,,,,,,,,,,,,,
All,Pornhub,2025-07-01/2025-12-31,KEYWORD_SUICIDE,,DK,,,,,,,,,,,,,,
All,Pornhub,2025-07-01/2025-12-31,KEYWORD_OTHER,"Text to detail the ""Other"" keyword.",DK,,,,,,,,,,,,,,
All,Pornhub,2025-07-01/2025-12-31,STATEMENT_CATEGORY_UNSAFE_AND_PROHIBITED_PRODUCTS,,DK,0.0,0.0,,,0.0,,,,,,,,,
All,Pornhub,2025-07-01/2025-12-31,KEYWORD_PROHIBITED_PRODUCTS,,DK,,,,,,,,,,,,,,
All,Pornhub,2025-07-01/2025-12-31,KEYWORD_UNSAFE_PRODUCTS,,DK,,,,,,,,,,,,,,
All,Pornhub,2025-07-01/2025-12-31,KEYWORD_OTHER,"Text to detail the ""Other"" keyword.",DK,,,,,,,,,,,,,,
All,Pornhub,2025-07-01/2025-12-31,STATEMENT_CATEGORY_VIOLENCE,,DK,0.0,0.0,,,0.0,,,,,,,,,
All,Pornhub,2025-07-01/2025-12-31,KEYWORD_COORDINATED_HARM,,DK,,,,,,,,,,,,,,
All,Pornhub,2025-07-01/2025-12-31,KEYWORD_INCITEMENT_VIOLENCE_HATRED,,DK,,,,,,,,,,,,,,
All,Pornhub,2025-07-01/2025-12-31,KEYWORD_HUMAN_EXPLOITATION,,DK,,,,,,,,,,,,,,
All,Pornhub,2025-07-01/2025-12-31,KEYWORD_HUMAN_TRAFFICKING,,DK,,,,,,,,,,,,,,
All,Pornhub,2025-07-01/2025-12-31,KEYWORD_TRAFFICKING_WOMEN_GIRLS,,DK,,,,,,,,,,,,,,
All,Pornhub,2025-07-01/2025-12-31,KEYWORD_OTHER,"Text to detail the ""Other"" keyword.",DK,,,,,,,,,,,,,,
All,Pornhub,2025-07-01/2025-12-31,STATEMENT_CATEGORY_NOT_SPECIFIED_ORDER,,DK,0.0,0.0,,,0.0,,,,,,,,,
All,Pornhub,2025-07-01/2025-12-31,TOTAL,,ES,0.0,0.0,,,1.0,Within 24 hours,4.35 hours,,,,,,We provide an immediate automated response to acknowledge receipt,
All,Pornhub,2025-07-01/2025-12-31,STATEMENT_CATEGORY_ANIMAL_WELFARE,,ES,0.0,0.0,,,0.0,,,,,,,,,
All,Pornhub,2025-07-01/2025-12-31,KEYWORD_ANIMAL_HARM,,ES,,,,,,,,,,,,,,
All,Pornhub,2025-07-01/2025-12-31,KEYWORD_UNLAWFUL_SALE_ANIMALS,,ES,,,,,,,,,,,,,,
All,Pornhub,2025-07-01/2025-12-31,KEYWORD_OTHER,"Text to detail the ""Other"" keyword.",ES,,,,,,,,,,,,,,
All,Pornhub,2025-07-01/2025-12-31,STATEMENT_CATEGORY_CONSUMER_INFORMATION,,ES,0.0,0.0,,,0.0,,,,,,,,,
All,Pornhub,2025-07-01/2025-12-31,KEYWORD_HIDDEN_ADVERTISEMENT,,ES,,,,,,,,,,,,,,
All,Pornhub,2025-07-01/2025-12-31,KEYWORD_INSUFFICIENT_INFORMATION_ON_TRADERS,,ES,,,,,,,,,,,,,,
All,Pornhub,2025-07-01/2025-12-31,KEYWORD_MISLEADING_INFO_GOODS_SERVICES,,ES,,,,,,,,,,,,,,
All,Pornhub,2025-07-01/2025-12-31,KEYWORD_MISLEADING_INFO_CONSUMER_RIGHTS,,ES,,,,,,,,,,,,,,
All,Pornhub,2025-07-01/2025-12-31,KEYWORD_NONCOMPLIANCE_PRICING,,ES,,,,,,,,,,,,,,
All,Pornhub,2025-07-01/2025-12-31,KEYWORD_OTHER,"Text to detail the ""Other"" keyword.",ES,,,,,,,,,,,,,,
All,Pornhub,2025-07-01/2025-12-31,STATEMENT_CATEGORY_CYBER_VIOLENCE,,ES,0.0,0.0,,,0.0,,,,,,,,,
All,Pornhub,2025-07-01/2025-12-31,KEYWORD_CYBER_BULLYING_INTIMIDATION,,ES,,,,,,,,,,,,,,
All,Pornhub,2025-07-01/2025-12-31,KEYWORD_CYBER_HARASSMENT,,ES,,,,,,,,,,,,,,
All,Pornhub,2025-07-01/2025-12-31,KEYWORD_CYBER_INCITEMENT,,ES,,,,,,,,,,,,,,
All,Pornhub,2025-07-01/2025-12-31,KEYWORD_CYBER_STALKING,,ES,,,,,,,,,,,,,,
All,Pornhub,2025-07-01/2025-12-31,KEYWORD_NON_CONSENSUAL_IMAGE_SHARING,,ES,,,,,,,,,,,,,,
All,Pornhub,2025-07-01/2025-12-31,KEYWORD_NON_CONSENSUAL_MATERIAL_DEEPFAKE,,ES,,,,,,,,,,,,,,
All,Pornhub,2025-07-01/2025-12-31,KEYWORD_OTHER,"Text to detail the ""Other"" keyword.",ES,,,,,,,,,,,,,,
All,Pornhub,2025-07-01/2025-12-31,STATEMENT_CATEGORY_CYBER_VIOLENCE_AGAINST_WOMEN,,ES,0.0,0.0,,,0.0,,,,,,,,,
All,Pornhub,2025-07-01/2025-12-31,KEYWORD_BULLYING_AGAINST_GIRLS,,ES,,,,,,,,,,,,,,
All,Pornhub,2025-07-01/2025-12-31,KEYWORD_CYBER_HARASSMENT_AGAINST_WOMEN,,ES,,,,,,,,,,,,,,
All,Pornhub,2025-07-01/2025-12-31,KEYWORD_CYBER_STALKING_AGAINST_WOMEN,,ES,,,,,,,,,,,,,,
All,Pornhub,2025-07-01/2025-12-31,KEYWORD_FEMALE_GENDERED_DISINFORMATION,,ES,,,,,,,,,,,,,,
All,Pornhub,2025-07-01/2025-12-31,KEYWORD_INCITEMENT_AGAINST_WOMEN,,ES,,,,,,,,,,,,,,
All,Pornhub,2025-07-01/2025-12-31,KEYWORD_NON_CONSENSUAL_IMAGE_SHARING_AGAINST_WOMEN,,ES,,,,,,,,,,,,,,
All,Pornhub,2025-07-01/2025-12-31,KEYWORD_NON_CONSENSUAL_MATERIAL_DEEPFAKE_AGAINST_WOMEN,,ES,,,,,,,,,,,,,,
All,Pornhub,2025-07-01/2025-12-31,KEYWORD_OTHER,"Text to detail the ""Other"" keyword.",ES,,,,,,,,,,,,,,
All,Pornhub,2025-07-01/2025-12-31,STATEMENT_CATEGORY_DATA_PROTECTION_AND_PRIVACY_VIOLATIONS,,ES,0.0,0.0,,,0.0,,,,,,,,,
All,Pornhub,2025-07-01/2025-12-31,KEYWORD_BIOMETRIC_DATA_BREACH,,ES,,,,,,,,,,,,,,
All,Pornhub,2025-07-01/2025-12-31,KEYWORD_DATA_FALSIFICATION,,ES,,,,,,,,,,,,,,
All,Pornhub,2025-07-01/2025-12-31,KEYWORD_MISSING_PROCESSING_GROUND,,ES,,,,,,,,,,,,,,
All,Pornhub,2025-07-01/2025-12-31,KEYWORD_RIGHT_TO_BE_FORGOTTEN,,ES,,,,,,,,,,,,,,
All,Pornhub,2025-07-01/2025-12-31,KEYWORD_OTHER,"Text to detail the ""Other"" keyword.",ES,,,,,,,,,,,,,,
All,Pornhub,2025-07-01/2025-12-31,STATEMENT_CATEGORY_ILLEGAL_OR_HARMFUL_SPEECH,,ES,0.0,0.0,,,0.0,,,,,,,,,
All,Pornhub,2025-07-01/2025-12-31,KEYWORD_DEFAMATION,,ES,,,,,,,,,,,,,,
All,Pornhub,2025-07-01/2025-12-31,KEYWORD_DISCRIMINATION,,ES,,,,,,,,,,,,,,
All,Pornhub,2025-07-01/2025-12-31,KEYWORD_HATE_SPEECH,,ES,,,,,,,,,,,,,,
All,Pornhub,2025-07-01/2025-12-31,KEYWORD_OTHER,"Text to detail the ""Other"" keyword.",ES,,,,,,,,,,,,,,
All,Pornhub,2025-07-01/2025-12-31,STATEMENT_CATEGORY_INTELLECTUAL_PROPERTY_INFRINGEMENTS,,ES,0.0,0.0,,,0.0,,,,,,,,,
All,Pornhub,2025-07-01/2025-12-31,KEYWORD_COPYRIGHT_INFRINGEMENT,,ES,,,,,,,,,,,,,,
All,Pornhub,2025-07-01/2025-12-31,KEYWORD_DESIGN_INFRINGEMENT,,ES,,,,,,,,,,,,,,
All,Pornhub,2025-07-01/2025-12-31,KEYWORD_GEOGRAPHIC_INDICATIONS_INFRINGEMENT,,ES,,,,,,,,,,,,,,
All,Pornhub,2025-07-01/2025-12-31,KEYWORD_PATENT_INFRINGEMENT,,ES,,,,,,,,,,,,,,
All,Pornhub,2025-07-01/2025-12-31,KEYWORD_TRADE_SECRET_INFRINGEMENT,,ES,,,,,,,,,,,,,,
All,Pornhub,2025-07-01/2025-12-31,KEYWORD_TRADEMARK_INFRINGEMENT,,ES,,,,,,,,,,,,,,
All,Pornhub,2025-07-01/2025-12-31,KEYWORD_OTHER,"Text to detail the ""Other"" keyword.",ES,,,,,,,,,,,,,,
All,Pornhub,2025-07-01/2025-12-31,STATEMENT_CATEGORY_NEGATIVE_EFFECTS_ON_CIVIC_DISCOURSE_OR_ELECTIONS,,ES,0.0,0.0,,,0.0,,,,,,,,,
All,Pornhub,2025-07-01/2025-12-31,KEYWORD_MISINFORMATION_DISINFORMATION,,ES,,,,,,,,,,,,,,
All,Pornhub,2025-07-01/2025-12-31,KEYWORD_VIOLATION_EU_LAW,,ES,,,,,,,,,,,,,,
All,Pornhub,2025-07-01/2025-12-31,KEYWORD_VIOLATION_NATIONAL_LAW,,ES,,,,,,,,,,,,,,
All,Pornhub,2025-07-01/2025-12-31,KEYWORD_OTHER,"Text to detail the ""Other"" keyword.",ES,,,,,,,,,,,,,,
All,Pornhub,2025-07-01/2025-12-31,STATEMENT_CATEGORY_PROTECTION_OF_MINORS,,ES,0.0,0.0,,,0.0,,,,,,,,,
All,Pornhub,2025-07-01/2025-12-31,KEYWORD_AGE_SPECIFIC_RESTRICTIONS_MINORS,,ES,,,,,,,,,,,,,,
All,Pornhub,2025-07-01/2025-12-31,KEYWORD_CHILD_SEXUAL_ABUSE_MATERIAL,,ES,,,,,,,,,,,,,,
All,Pornhub,2025-07-01/2025-12-31,KEYWORD_GROOMING_SEXUAL_ENTICEMENT_MINORS,,ES,,,,,,,,,,,,,,
All,Pornhub,2025-07-01/2025-12-31,KEYWORD_UNSAFE_CHALLENGES,,ES,,,,,,,,,,,,,,
All,Pornhub,2025-07-01/2025-12-31,KEYWORD_OTHER,"Text to detail the ""Other"" keyword.",ES,,,,,,,,,,,,,,
All,Pornhub,2025-07-01/2025-12-31,STATEMENT_CATEGORY_RISK_FOR_PUBLIC_SECURITY,,ES,0.0,0.0,,,0.0,,,,,,,,,
All,Pornhub,2025-07-01/2025-12-31,KEYWORD_ILLEGAL_ORGANIZATIONS,,ES,,,,,,,,,,,,,,
All,Pornhub,2025-07-01/2025-12-31,KEYWORD_RISK_ENVIRONMENTAL_DAMAGE,,ES,,,,,,,,,,,,,,
All,Pornhub,2025-07-01/2025-12-31,KEYWORD_RISK_PUBLIC_HEALTH,,ES,,,,,,,,,,,,,,
All,Pornhub,2025-07-01/2025-12-31,KEYWORD_TERRORIST_CONTENT,,ES,,,,,,,,,,,,,,
All,Pornhub,2025-07-01/2025-12-31,KEYWORD_OTHER,"Text to detail the ""Other"" keyword.",ES,,,,,,,,,,,,,,
All,Pornhub,2025-07-01/2025-12-31,STATEMENT_CATEGORY_SCAMS_AND_FRAUD,,ES,0.0,0.0,,,0.0,,,,,,,,,
All,Pornhub,2025-07-01/2025-12-31,KEYWORD_IMPERSONATION_ACCOUNT_HIJACKING,,ES,,,,,,,,,,,,,,
All,Pornhub,2025-07-01/2025-12-31,KEYWORD_INAUTHENTIC_ACCOUNTS,,ES,,,,,,,,,,,,,,
All,Pornhub,2025-07-01/2025-12-31,KEYWORD_INAUTHENTIC_LISTINGS,,ES,,,,,,,,,,,,,,
All,Pornhub,2025-07-01/2025-12-31,KEYWORD_INAUTHENTIC_USER_REVIEWS,,ES,,,,,,,,,,,,,,
All,Pornhub,2025-07-01/2025-12-31,KEYWORD_PHISHING,,ES,,,,,,,,,,,,,,
All,Pornhub,2025-07-01/2025-12-31,KEYWORD_PYRAMID_SCHEMES,,ES,,,,,,,,,,,,,,
All,Pornhub,2025-07-01/2025-12-31,KEYWORD_OTHER,"Text to detail the ""Other"" keyword.",ES,,,,,,,,,,,,,,
All,Pornhub,2025-07-01/2025-12-31,STATEMENT_CATEGORY_SELF_HARM,,ES,0.0,0.0,,,0.0,,,,,,,,,
All,Pornhub,2025-07-01/2025-12-31,KEYWORD_CONTENT_PROMOTING_EATING_DISORDERS,,ES,,,,,,,,,,,,,,
All,Pornhub,2025-07-01/2025-12-31,KEYWORD_SELF_MUTILATION,,ES,,,,,,,,,,,,,,
All,Pornhub,2025-07-01/2025-12-31,KEYWORD_SUICIDE,,ES,,,,,,,,,,,,,,
All,Pornhub,2025-07-01/2025-12-31,KEYWORD_OTHER,"Text to detail the ""Other"" keyword.",ES,,,,,,,,,,,,,,
All,Pornhub,2025-07-01/2025-12-31,STATEMENT_CATEGORY_UNSAFE_AND_PROHIBITED_PRODUCTS,,ES,0.0,0.0,,,0.0,,,,,,,,,
All,Pornhub,2025-07-01/2025-12-31,KEYWORD_PROHIBITED_PRODUCTS,,ES,,,,,,,,,,,,,,
All,Pornhub,2025-07-01/2025-12-31,KEYWORD_UNSAFE_PRODUCTS,,ES,,,,,,,,,,,,,,
All,Pornhub,2025-07-01/2025-12-31,KEYWORD_OTHER,"Text to detail the ""Other"" keyword.",ES,,,,,,,,,,,,,,
All,Pornhub,2025-07-01/2025-12-31,STATEMENT_CATEGORY_VIOLENCE,,ES,0.0,0.0,,,1.0,Within 24 hours,4.35 hours,,,,,,We provide an immediate automated response to acknowledge receipt,
All,Pornhub,2025-07-01/2025-12-31,KEYWORD_COORDINATED_HARM,,ES,,,,,,,,,,,,,,
All,Pornhub,2025-07-01/2025-12-31,KEYWORD_INCITEMENT_VIOLENCE_HATRED,,ES,,,,,,,,,,,,,,
All,Pornhub,2025-07-01/2025-12-31,KEYWORD_HUMAN_EXPLOITATION,,ES,,,,,,,,,,,,,,
All,Pornhub,2025-07-01/2025-12-31,KEYWORD_HUMAN_TRAFFICKING,,ES,,,,,,,,,,,,,,
All,Pornhub,2025-07-01/2025-12-31,KEYWORD_TRAFFICKING_WOMEN_GIRLS,,ES,,,,,,,,,,,,,,
All,Pornhub,2025-07-01/2025-12-31,KEYWORD_OTHER,"Text to detail the ""Other"" keyword.",ES,,,,,,,,,,,,,,
All,Pornhub,2025-07-01/2025-12-31,STATEMENT_CATEGORY_NOT_SPECIFIED_ORDER,,ES,0.0,0.0,,,0.0,,,,,,,,,
All,Pornhub,2025-07-01/2025-12-31,TOTAL,,FR,3.0,2.0,Within 24 hours,7.14 hours,9.0,Within 24 hours,7:47 hours,,,We provide an immediate automated response to acknowledge receipt,,,We provide an immediate automated response to acknowledge receipt,
All,Pornhub,2025-07-01/2025-12-31,STATEMENT_CATEGORY_ANIMAL_WELFARE,,FR,0.0,0.0,,,0.0,,,,,,,,,
All,Pornhub,2025-07-01/2025-12-31,KEYWORD_ANIMAL_HARM,,FR,,,,,,,,,,,,,,
All,Pornhub,2025-07-01/2025-12-31,KEYWORD_UNLAWFUL_SALE_ANIMALS,,FR,,,,,,,,,,,,,,
All,Pornhub,2025-07-01/2025-12-31,KEYWORD_OTHER,"Text to detail the ""Other"" keyword.",FR,,,,,,,,,,,,,,
All,Pornhub,2025-07-01/2025-12-31,STATEMENT_CATEGORY_CONSUMER_INFORMATION,,FR,0.0,0.0,,,0.0,,,,,,,,,
All,Pornhub,2025-07-01/2025-12-31,KEYWORD_HIDDEN_ADVERTISEMENT,,FR,,,,,,,,,,,,,,
All,Pornhub,2025-07-01/2025-12-31,KEYWORD_INSUFFICIENT_INFORMATION_ON_TRADERS,,FR,,,,,,,,,,,,,,
All,Pornhub,2025-07-01/2025-12-31,KEYWORD_MISLEADING_INFO_GOODS_SERVICES,,FR,,,,,,,,,,,,,,
All,Pornhub,2025-07-01/2025-12-31,KEYWORD_MISLEADING_INFO_CONSUMER_RIGHTS,,FR,,,,,,,,,,,,,,
All,Pornhub,2025-07-01/2025-12-31,KEYWORD_NONCOMPLIANCE_PRICING,,FR,,,,,,,,,,,,,,
All,Pornhub,2025-07-01/2025-12-31,KEYWORD_OTHER,"Text to detail the ""Other"" keyword.",FR,,,,,,,,,,,,,,
All,Pornhub,2025-07-01/2025-12-31,STATEMENT_CATEGORY_CYBER_VIOLENCE,,FR,2.0,2.0,Within 24 hours,7.14 hours,0.0,,,,,We provide an immediate automated response to acknowledge receipt,,,,
All,Pornhub,2025-07-01/2025-12-31,KEYWORD_CYBER_BULLYING_INTIMIDATION,,FR,,,,,,,,,,,,,,
All,Pornhub,2025-07-01/2025-12-31,KEYWORD_CYBER_HARASSMENT,,FR,,,,,,,,,,,,,,
All,Pornhub,2025-07-01/2025-12-31,KEYWORD_CYBER_INCITEMENT,,FR,,,,,,,,,,,,,,
All,Pornhub,2025-07-01/2025-12-31,KEYWORD_CYBER_STALKING,,FR,,,,,,,,,,,,,,
All,Pornhub,2025-07-01/2025-12-31,KEYWORD_NON_CONSENSUAL_IMAGE_SHARING,,FR,,,,,,,,,,,,,,
All,Pornhub,2025-07-01/2025-12-31,KEYWORD_NON_CONSENSUAL_MATERIAL_DEEPFAKE,,FR,,,,,,,,,,,,,,
All,Pornhub,2025-07-01/2025-12-31,KEYWORD_OTHER,"Text to detail the ""Other"" keyword.",FR,2.0,2.0,Within 24 hours,7.14 hours,,,,,,We provide an immediate automated response to acknowledge receipt,,,,
All,Pornhub,2025-07-01/2025-12-31,STATEMENT_CATEGORY_CYBER_VIOLENCE_AGAINST_WOMEN,,FR,0.0,0.0,,,0.0,,,,,,,,,
All,Pornhub,2025-07-01/2025-12-31,KEYWORD_BULLYING_AGAINST_GIRLS,,FR,,,,,,,,,,,,,,
All,Pornhub,2025-07-01/2025-12-31,KEYWORD_CYBER_HARASSMENT_AGAINST_WOMEN,,FR,,,,,,,,,,,,,,
All,Pornhub,2025-07-01/2025-12-31,KEYWORD_CYBER_STALKING_AGAINST_WOMEN,,FR,,,,,,,,,,,,,,
All,Pornhub,2025-07-01/2025-12-31,KEYWORD_FEMALE_GENDERED_DISINFORMATION,,FR,,,,,,,,,,,,,,
All,Pornhub,2025-07-01/2025-12-31,KEYWORD_INCITEMENT_AGAINST_WOMEN,,FR,,,,,,,,,,,,,,
All,Pornhub,2025-07-01/2025-12-31,KEYWORD_NON_CONSENSUAL_IMAGE_SHARING_AGAINST_WOMEN,,FR,,,,,,,,,,,,,,
All,Pornhub,2025-07-01/2025-12-31,KEYWORD_NON_CONSENSUAL_MATERIAL_DEEPFAKE_AGAINST_WOMEN,,FR,,,,,,,,,,,,,,
All,Pornhub,2025-07-01/2025-12-31,KEYWORD_OTHER,"Text to detail the ""Other"" keyword.",FR,,,,,,,,,,,,,,
All,Pornhub,2025-07-01/2025-12-31,STATEMENT_CATEGORY_DATA_PROTECTION_AND_PRIVACY_VIOLATIONS,,FR,0.0,0.0,,,0.0,,,,,,,,,
All,Pornhub,2025-07-01/2025-12-31,KEYWORD_BIOMETRIC_DATA_BREACH,,FR,,,,,,,,,,,,,,
All,Pornhub,2025-07-01/2025-12-31,KEYWORD_DATA_FALSIFICATION,,FR,,,,,,,,,,,,,,
All,Pornhub,2025-07-01/2025-12-31,KEYWORD_MISSING_PROCESSING_GROUND,,FR,,,,,,,,,,,,,,
All,Pornhub,2025-07-01/2025-12-31,KEYWORD_RIGHT_TO_BE_FORGOTTEN,,FR,,,,,,,,,,,,,,
All,Pornhub,2025-07-01/2025-12-31,KEYWORD_OTHER,"Text to detail the ""Other"" keyword.",FR,,,,,,,,,,,,,,
All,Pornhub,2025-07-01/2025-12-31,STATEMENT_CATEGORY_ILLEGAL_OR_HARMFUL_SPEECH,,FR,0.0,0.0,,,0.0,,,,,,,,,
All,Pornhub,2025-07-01/2025-12-31,KEYWORD_DEFAMATION,,FR,,,,,,,,,,,,,,
All,Pornhub,2025-07-01/2025-12-31,KEYWORD_DISCRIMINATION,,FR,,,,,,,,,,,,,,
All,Pornhub,2025-07-01/2025-12-31,KEYWORD_HATE_SPEECH,,FR,,,,,,,,,,,,,,
All,Pornhub,2025-07-01/2025-12-31,KEYWORD_OTHER,"Text to detail the ""Other"" keyword.",FR,,,,,,,,,,,,,,
All,Pornhub,2025-07-01/2025-12-31,STATEMENT_CATEGORY_INTELLECTUAL_PROPERTY_INFRINGEMENTS,,FR,0.0,0.0,,,0.0,,,,,,,,,
All,Pornhub,2025-07-01/2025-12-31,KEYWORD_COPYRIGHT_INFRINGEMENT,,FR,,,,,,,,,,,,,,
All,Pornhub,2025-07-01/2025-12-31,KEYWORD_DESIGN_INFRINGEMENT,,FR,,,,,,,,,,,,,,
All,Pornhub,2025-07-01/2025-12-31,KEYWORD_GEOGRAPHIC_INDICATIONS_INFRINGEMENT,,FR,,,,,,,,,,,,,,
All,Pornhub,2025-07-01/2025-12-31,KEYWORD_PATENT_INFRINGEMENT,,FR,,,,,,,,,,,,,,
All,Pornhub,2025-07-01/2025-12-31,KEYWORD_TRADE_SECRET_INFRINGEMENT,,FR,,,,,,,,,,,,,,
All,Pornhub,2025-07-01/2025-12-31,KEYWORD_TRADEMARK_INFRINGEMENT,,FR,,,,,,,,,,,,,,
All,Pornhub,2025-07-01/2025-12-31,KEYWORD_OTHER,"Text to detail the ""Other"" keyword.",FR,,,,,,,,,,,,,,
All,Pornhub,2025-07-01/2025-12-31,STATEMENT_CATEGORY_NEGATIVE_EFFECTS_ON_CIVIC_DISCOURSE_OR_ELECTIONS,,FR,0.0,0.0,,,0.0,,,,,,,,,
All,Pornhub,2025-07-01/2025-12-31,KEYWORD_MISINFORMATION_DISINFORMATION,,FR,,,,,,,,,,,,,,
All,Pornhub,2025-07-01/2025-12-31,KEYWORD_VIOLATION_EU_LAW,,FR,,,,,,,,,,,,,,
All,Pornhub,2025-07-01/2025-12-31,KEYWORD_VIOLATION_NATIONAL_LAW,,FR,,,,,,,,,,,,,,
All,Pornhub,2025-07-01/2025-12-31,KEYWORD_OTHER,"Text to detail the ""Other"" keyword.",FR,,,,,,,,,,,,,,
All,Pornhub,2025-07-01/2025-12-31,STATEMENT_CATEGORY_PROTECTION_OF_MINORS,,FR,1.0,0.0,Within 24 hours,Less than 1 hour,0.0,,,,,We provide an immediate automated response to acknowledge receipt,,,,
All,Pornhub,2025-07-01/2025-12-31,KEYWORD_AGE_SPECIFIC_RESTRICTIONS_MINORS,,FR,,,,,,,,,,,,,,
All,Pornhub,2025-07-01/2025-12-31,KEYWORD_CHILD_SEXUAL_ABUSE_MATERIAL,,FR,1.0,,Within 24 hours,Less than 1 hour,,,,,,We provide an immediate automated response to acknowledge receipt,,,,
All,Pornhub,2025-07-01/2025-12-31,KEYWORD_GROOMING_SEXUAL_ENTICEMENT_MINORS,,FR,,,,,,,,,,,,,,
All,Pornhub,2025-07-01/2025-12-31,KEYWORD_UNSAFE_CHALLENGES,,FR,,,,,,,,,,,,,,
All,Pornhub,2025-07-01/2025-12-31,KEYWORD_OTHER,"Text to detail the ""Other"" keyword.",FR,,,,,,,,,,,,,,
All,Pornhub,2025-07-01/2025-12-31,STATEMENT_CATEGORY_RISK_FOR_PUBLIC_SECURITY,,FR,0.0,0.0,,,1.0,,5:35 hours,,,,,,We provide an immediate automated response to acknowledge receipt,
All,Pornhub,2025-07-01/2025-12-31,KEYWORD_ILLEGAL_ORGANIZATIONS,,FR,,,,,,,,,,,,,,
All,Pornhub,2025-07-01/2025-12-31,KEYWORD_RISK_ENVIRONMENTAL_DAMAGE,,FR,,,,,,,,,,,,,,
All,Pornhub,2025-07-01/2025-12-31,KEYWORD_RISK_PUBLIC_HEALTH,,FR,,,,,,,,,,,,,,
All,Pornhub,2025-07-01/2025-12-31,KEYWORD_TERRORIST_CONTENT,,FR,,,,,,,,,,,,,,
All,Pornhub,2025-07-01/2025-12-31,KEYWORD_OTHER,"Text to detail the ""Other"" keyword.",FR,,,,,,,,,,,,,,
All,Pornhub,2025-07-01/2025-12-31,STATEMENT_CATEGORY_SCAMS_AND_FRAUD,,FR,0.0,0.0,,,7.0,Within 24 hours,8:03 hours,,,,,,We provide an immediate automated response to acknowledge receipt,
All,Pornhub,2025-07-01/2025-12-31,KEYWORD_IMPERSONATION_ACCOUNT_HIJACKING,,FR,,,,,,,,,,,,,,
All,Pornhub,2025-07-01/2025-12-31,KEYWORD_INAUTHENTIC_ACCOUNTS,,FR,,,,,,,,,,,,,,
All,Pornhub,2025-07-01/2025-12-31,KEYWORD_INAUTHENTIC_LISTINGS,,FR,,,,,,,,,,,,,,
All,Pornhub,2025-07-01/2025-12-31,KEYWORD_INAUTHENTIC_USER_REVIEWS,,FR,,,,,,,,,,,,,,
All,Pornhub,2025-07-01/2025-12-31,KEYWORD_PHISHING,,FR,,,,,,,,,,,,,,
All,Pornhub,2025-07-01/2025-12-31,KEYWORD_PYRAMID_SCHEMES,,FR,,,,,,,,,,,,,,
All,Pornhub,2025-07-01/2025-12-31,KEYWORD_OTHER,"Text to detail the ""Other"" keyword.",FR,,,,,7.0,,,,,,,,We provide an immediate automated response to acknowledge receipt,
All,Pornhub,2025-07-01/2025-12-31,STATEMENT_CATEGORY_SELF_HARM,,FR,0.0,0.0,,,0.0,,,,,,,,,
All,Pornhub,2025-07-01/2025-12-31,KEYWORD_CONTENT_PROMOTING_EATING_DISORDERS,,FR,,,,,,,,,,,,,,
All,Pornhub,2025-07-01/2025-12-31,KEYWORD_SELF_MUTILATION,,FR,,,,,,,,,,,,,,
All,Pornhub,2025-07-01/2025-12-31,KEYWORD_SUICIDE,,FR,,,,,,,,,,,,,,
All,Pornhub,2025-07-01/2025-12-31,KEYWORD_OTHER,"Text to detail the ""Other"" keyword.",FR,,,,,,,,,,,,,,
All,Pornhub,2025-07-01/2025-12-31,STATEMENT_CATEGORY_UNSAFE_AND_PROHIBITED_PRODUCTS,,FR,0.0,0.0,,,0.0,,,,,,,,,
All,Pornhub,2025-07-01/2025-12-31,KEYWORD_PROHIBITED_PRODUCTS,,FR,,,,,,,,,,,,,,
All,Pornhub,2025-07-01/2025-12-31,KEYWORD_UNSAFE_PRODUCTS,,FR,,,,,,,,,,,,,,
All,Pornhub,2025-07-01/2025-12-31,KEYWORD_OTHER,"Text to detail the ""Other"" keyword.",FR,,,,,,,,,,,,,,
All,Pornhub,2025-07-01/2025-12-31,STATEMENT_CATEGORY_VIOLENCE,,FR,0.0,0.0,,,0.0,,,,,,,,,
All,Pornhub,2025-07-01/2025-12-31,KEYWORD_COORDINATED_HARM,,FR,,,,,,,,,,,,,,
All,Pornhub,2025-07-01/2025-12-31,KEYWORD_INCITEMENT_VIOLENCE_HATRED,,FR,,,,,,,,,,,,,,
All,Pornhub,2025-07-01/2025-12-31,KEYWORD_HUMAN_EXPLOITATION,,FR,,,,,,,,,,,,,,
All,Pornhub,2025-07-01/2025-12-31,KEYWORD_HUMAN_TRAFFICKING,,FR,,,,,,,,,,,,,,
All,Pornhub,2025-07-01/2025-12-31,KEYWORD_TRAFFICKING_WOMEN_GIRLS,,FR,,,,,,,,,,,,,,
All,Pornhub,2025-07-01/2025-12-31,KEYWORD_OTHER,"Text to detail the ""Other"" keyword.",FR,,,,,,,,,,,,,,
All,Pornhub,2025-07-01/2025-12-31,STATEMENT_CATEGORY_NOT_SPECIFIED_ORDER,,FR,0.0,0.0,,,1.0,Within 24 hours,10:18 hours,,,,,,We provide an immediate automated response to acknowledge receipt,
All,Pornhub,2025-07-01/2025-12-31,TOTAL,,GR,3.0,1.0,Within 24 hours,11:55 hours,0.0,,,,,We provide an immediate automated response to acknowledge receipt,,,,
All,Pornhub,2025-07-01/2025-12-31,STATEMENT_CATEGORY_ANIMAL_WELFARE,,GR,0.0,0.0,,,0.0,,,,,,,,,
All,Pornhub,2025-07-01/2025-12-31,KEYWORD_ANIMAL_HARM,,GR,,,,,,,,,,,,,,
All,Pornhub,2025-07-01/2025-12-31,KEYWORD_UNLAWFUL_SALE_ANIMALS,,GR,,,,,,,,,,,,,,
All,Pornhub,2025-07-01/2025-12-31,KEYWORD_OTHER,"Text to detail the ""Other"" keyword.",GR,,,,,,,,,,,,,,
All,Pornhub,2025-07-01/2025-12-31,STATEMENT_CATEGORY_CONSUMER_INFORMATION,,GR,0.0,0.0,,,0.0,,,,,,,,,
All,Pornhub,2025-07-01/2025-12-31,KEYWORD_HIDDEN_ADVERTISEMENT,,GR,,,,,,,,,,,,,,
All,Pornhub,2025-07-01/2025-12-31,KEYWORD_INSUFFICIENT_INFORMATION_ON_TRADERS,,GR,,,,,,,,,,,,,,
All,Pornhub,2025-07-01/2025-12-31,KEYWORD_MISLEADING_INFO_GOODS_SERVICES,,GR,,,,,,,,,,,,,,
All,Pornhub,2025-07-01/2025-12-31,KEYWORD_MISLEADING_INFO_CONSUMER_RIGHTS,,GR,,,,,,,,,,,,,,
All,Pornhub,2025-07-01/2025-12-31,KEYWORD_NONCOMPLIANCE_PRICING,,GR,,,,,,,,,,,,,,
All,Pornhub,2025-07-01/2025-12-31,KEYWORD_OTHER,"Text to detail the ""Other"" keyword.",GR,,,,,,,,,,,,,,
All,Pornhub,2025-07-01/2025-12-31,STATEMENT_CATEGORY_CYBER_VIOLENCE,,GR,3.0,1.0,Within 24 hours,11:55 hours,0.0,,,,,We provide an immediate automated response to acknowledge receipt,,,,
All,Pornhub,2025-07-01/2025-12-31,KEYWORD_CYBER_BULLYING_INTIMIDATION,,GR,,,,,,,,,,,,,,
All,Pornhub,2025-07-01/2025-12-31,KEYWORD_CYBER_HARASSMENT,,GR,,,,,,,,,,,,,,
All,Pornhub,2025-07-01/2025-12-31,KEYWORD_CYBER_INCITEMENT,,GR,,,,,,,,,,,,,,
All,Pornhub,2025-07-01/2025-12-31,KEYWORD_CYBER_STALKING,,GR,,,,,,,,,,,,,,
All,Pornhub,2025-07-01/2025-12-31,KEYWORD_NON_CONSENSUAL_IMAGE_SHARING,,GR,3.0,,Within 24 hours,11:55 hours,,,,,,We provide an immediate automated response to acknowledge receipt,,,,
All,Pornhub,2025-07-01/2025-12-31,KEYWORD_NON_CONSENSUAL_MATERIAL_DEEPFAKE,,GR,,,,,,,,,,,,,,
All,Pornhub,2025-07-01/2025-12-31,KEYWORD_OTHER,"Text to detail the ""Other"" keyword.",GR,,1.0,Within 24 hours,11:55 hours,,,,,,,,,,
All,Pornhub,2025-07-01/2025-12-31,STATEMENT_CATEGORY_CYBER_VIOLENCE_AGAINST_WOMEN,,GR,0.0,0.0,,,0.0,,,,,,,,,
All,Pornhub,2025-07-01/2025-12-31,KEYWORD_BULLYING_AGAINST_GIRLS,,GR,,,,,,,,,,,,,,
All,Pornhub,2025-07-01/2025-12-31,KEYWORD_CYBER_HARASSMENT_AGAINST_WOMEN,,GR,,,,,,,,,,,,,,
All,Pornhub,2025-07-01/2025-12-31,KEYWORD_CYBER_STALKING_AGAINST_WOMEN,,GR,,,,,,,,,,,,,,
All,Pornhub,2025-07-01/2025-12-31,KEYWORD_FEMALE_GENDERED_DISINFORMATION,,GR,,,,,,,,,,,,,,
All,Pornhub,2025-07-01/2025-12-31,KEYWORD_INCITEMENT_AGAINST_WOMEN,,GR,,,,,,,,,,,,,,
All,Pornhub,2025-07-01/2025-12-31,KEYWORD_NON_CONSENSUAL_IMAGE_SHARING_AGAINST_WOMEN,,GR,,,,,,,,,,,,,,
All,Pornhub,2025-07-01/2025-12-31,KEYWORD_NON_CONSENSUAL_MATERIAL_DEEPFAKE_AGAINST_WOMEN,,GR,,,,,,,,,,,,,,
All,Pornhub,2025-07-01/2025-12-31,KEYWORD_OTHER,"Text to detail the ""Other"" keyword.",GR,,,,,,,,,,,,,,
All,Pornhub,2025-07-01/2025-12-31,STATEMENT_CATEGORY_DATA_PROTECTION_AND_PRIVACY_VIOLATIONS,,GR,0.0,0.0,,,0.0,,,,,,,,,
All,Pornhub,2025-07-01/2025-12-31,KEYWORD_BIOMETRIC_DATA_BREACH,,GR,,,,,,,,,,,,,,
All,Pornhub,2025-07-01/2025-12-31,KEYWORD_DATA_FALSIFICATION,,GR,,,,,,,,,,,,,,
All,Pornhub,2025-07-01/2025-12-31,KEYWORD_MISSING_PROCESSING_GROUND,,GR,,,,,,,,,,,,,,
All,Pornhub,2025-07-01/2025-12-31,KEYWORD_RIGHT_TO_BE_FORGOTTEN,,GR,,,,,,,,,,,,,,
All,Pornhub,2025-07-01/2025-12-31,KEYWORD_OTHER,"Text to detail the ""Other"" keyword.",GR,,,,,,,,,,,,,,
All,Pornhub,2025-07-01/2025-12-31,STATEMENT_CATEGORY_ILLEGAL_OR_HARMFUL_SPEECH,,GR,0.0,0.0,,,0.0,,,,,,,,,
All,Pornhub,2025-07-01/2025-12-31,KEYWORD_DEFAMATION,,GR,,,,,,,,,,,,,,
All,Pornhub,2025-07-01/2025-12-31,KEYWORD_DISCRIMINATION,,GR,,,,,,,,,,,,,,
All,Pornhub,2025-07-01/2025-12-31,KEYWORD_HATE_SPEECH,,GR,,,,,,,,,,,,,,
All,Pornhub,2025-07-01/2025-12-31,KEYWORD_OTHER,"Text to detail the ""Other"" keyword.",GR,,,,,,,,,,,,,,
All,Pornhub,2025-07-01/2025-12-31,STATEMENT_CATEGORY_INTELLECTUAL_PROPERTY_INFRINGEMENTS,,GR,0.0,0.0,,,0.0,,,,,,,,,
All,Pornhub,2025-07-01/2025-12-31,KEYWORD_COPYRIGHT_INFRINGEMENT,,GR,,,,,,,,,,,,,,
All,Pornhub,2025-07-01/2025-12-31,KEYWORD_DESIGN_INFRINGEMENT,,GR,,,,,,,,,,,,,,
All,Pornhub,2025-07-01/2025-12-31,KEYWORD_GEOGRAPHIC_INDICATIONS_INFRINGEMENT,,GR,,,,,,,,,,,,,,
All,Pornhub,2025-07-01/2025-12-31,KEYWORD_PATENT_INFRINGEMENT,,GR,,,,,,,,,,,,,,
All,Pornhub,2025-07-01/2025-12-31,KEYWORD_TRADE_SECRET_INFRINGEMENT,,GR,,,,,,,,,,,,,,
All,Pornhub,2025-07-01/2025-12-31,KEYWORD_TRADEMARK_INFRINGEMENT,,GR,,,,,,,,,,,,,,
All,Pornhub,2025-07-01/2025-12-31,KEYWORD_OTHER,"Text to detail the ""Other"" keyword.",GR,,,,,,,,,,,,,,
All,Pornhub,2025-07-01/2025-12-31,STATEMENT_CATEGORY_NEGATIVE_EFFECTS_ON_CIVIC_DISCOURSE_OR_ELECTIONS,,GR,0.0,0.0,,,0.0,,,,,,,,,
All,Pornhub,2025-07-01/2025-12-31,KEYWORD_MISINFORMATION_DISINFORMATION,,GR,,,,,,,,,,,,,,
All,Pornhub,2025-07-01/2025-12-31,KEYWORD_VIOLATION_EU_LAW,,GR,,,,,,,,,,,,,,
All,Pornhub,2025-07-01/2025-12-31,KEYWORD_VIOLATION_NATIONAL_LAW,,GR,,,,,,,,,,,,,,
All,Pornhub,2025-07-01/2025-12-31,KEYWORD_OTHER,"Text to detail the ""Other"" keyword.",GR,,,,,,,,,,,,,,
All,Pornhub,2025-07-01/2025-12-31,STATEMENT_CATEGORY_PROTECTION_OF_MINORS,,GR,0.0,0.0,,,0.0,,,,,,,,,
All,Pornhub,2025-07-01/2025-12-31,KEYWORD_AGE_SPECIFIC_RESTRICTIONS_MINORS,,GR,,,,,,,,,,,,,,
All,Pornhub,2025-07-01/2025-12-31,KEYWORD_CHILD_SEXUAL_ABUSE_MATERIAL,,GR,,,,,,,,,,,,,,
All,Pornhub,2025-07-01/2025-12-31,KEYWORD_GROOMING_SEXUAL_ENTICEMENT_MINORS,,GR,,,,,,,,,,,,,,
All,Pornhub,2025-07-01/2025-12-31,KEYWORD_UNSAFE_CHALLENGES,,GR,,,,,,,,,,,,,,
All,Pornhub,2025-07-01/2025-12-31,KEYWORD_OTHER,"Text to detail the ""Other"" keyword.",GR,,,,,,,,,,,,,,
All,Pornhub,2025-07-01/2025-12-31,STATEMENT_CATEGORY_RISK_FOR_PUBLIC_SECURITY,,GR,0.0,0.0,,,0.0,,,,,,,,,
All,Pornhub,2025-07-01/2025-12-31,KEYWORD_ILLEGAL_ORGANIZATIONS,,GR,,,,,,,,,,,,,,
All,Pornhub,2025-07-01/2025-12-31,KEYWORD_RISK_ENVIRONMENTAL_DAMAGE,,GR,,,,,,,,,,,,,,
All,Pornhub,2025-07-01/2025-12-31,KEYWORD_RISK_PUBLIC_HEALTH,,GR,,,,,,,,,,,,,,
All,Pornhub,2025-07-01/2025-12-31,KEYWORD_TERRORIST_CONTENT,,GR,,,,,,,,,,,,,,
All,Pornhub,2025-07-01/2025-12-31,KEYWORD_OTHER,"Text to detail the ""Other"" keyword.",GR,,,,,,,,,,,,,,
All,Pornhub,2025-07-01/2025-12-31,STATEMENT_CATEGORY_SCAMS_AND_FRAUD,,GR,0.0,0.0,,,0.0,,,,,,,,,
All,Pornhub,2025-07-01/2025-12-31,KEYWORD_IMPERSONATION_ACCOUNT_HIJACKING,,GR,,,,,,,,,,,,,,
All,Pornhub,2025-07-01/2025-12-31,KEYWORD_INAUTHENTIC_ACCOUNTS,,GR,,,,,,,,,,,,,,
All,Pornhub,2025-07-01/2025-12-31,KEYWORD_INAUTHENTIC_LISTINGS,,GR,,,,,,,,,,,,,,
All,Pornhub,2025-07-01/2025-12-31,KEYWORD_INAUTHENTIC_USER_REVIEWS,,GR,,,,,,,,,,,,,,
All,Pornhub,2025-07-01/2025-12-31,KEYWORD_PHISHING,,GR,,,,,,,,,,,,,,
All,Pornhub,2025-07-01/2025-12-31,KEYWORD_PYRAMID_SCHEMES,,GR,,,,,,,,,,,,,,
All,Pornhub,2025-07-01/2025-12-31,KEYWORD_OTHER,"Text to detail the ""Other"" keyword.",GR,,,,,,,,,,,,,,
All,Pornhub,2025-07-01/2025-12-31,STATEMENT_CATEGORY_SELF_HARM,,GR,0.0,0.0,,,0.0,,,,,,,,,
All,Pornhub,2025-07-01/2025-12-31,KEYWORD_CONTENT_PROMOTING_EATING_DISORDERS,,GR,,,,,,,,,,,,,,
All,Pornhub,2025-07-01/2025-12-31,KEYWORD_SELF_MUTILATION,,GR,,,,,,,,,,,,,,
All,Pornhub,2025-07-01/2025-12-31,KEYWORD_SUICIDE,,GR,,,,,,,,,,,,,,
All,Pornhub,2025-07-01/2025-12-31,KEYWORD_OTHER,"Text to detail the ""Other"" keyword.",GR,,,,,,,,,,,,,,
All,Pornhub,2025-07-01/2025-12-31,STATEMENT_CATEGORY_UNSAFE_AND_PROHIBITED_PRODUCTS,,GR,0.0,0.0,,,0.0,,,,,,,,,
All,Pornhub,2025-07-01/2025-12-31,KEYWORD_PROHIBITED_PRODUCTS,,GR,,,,,,,,,,,,,,
All,Pornhub,2025-07-01/2025-12-31,KEYWORD_UNSAFE_PRODUCTS,,GR,,,,,,,,,,,,,,
All,Pornhub,2025-07-01/2025-12-31,KEYWORD_OTHER,"Text to detail the ""Other"" keyword.",GR,,,,,,,,,,,,,,
All,Pornhub,2025-07-01/2025-12-31,STATEMENT_CATEGORY_VIOLENCE,,GR,0.0,0.0,,,0.0,,,,,,,,,
All,Pornhub,2025-07-01/2025-12-31,KEYWORD_COORDINATED_HARM,,GR,,,,,,,,,,,,,,
All,Pornhub,2025-07-01/2025-12-31,KEYWORD_INCITEMENT_VIOLENCE_HATRED,,GR,,,,,,,,,,,,,,
All,Pornhub,2025-07-01/2025-12-31,KEYWORD_HUMAN_EXPLOITATION,,GR,,,,,,,,,,,,,,
All,Pornhub,2025-07-01/2025-12-31,KEYWORD_HUMAN_TRAFFICKING,,GR,,,,,,,,,,,,,,
All,Pornhub,2025-07-01/2025-12-31,KEYWORD_TRAFFICKING_WOMEN_GIRLS,,GR,,,,,,,,,,,,,,
All,Pornhub,2025-07-01/2025-12-31,KEYWORD_OTHER,"Text to detail the ""Other"" keyword.",GR,,,,,,,,,,,,,,
All,Pornhub,2025-07-01/2025-12-31,STATEMENT_CATEGORY_NOT_SPECIFIED_ORDER,,GR,0.0,0.0,,,0.0,,,,,,,,,
All,Pornhub,2025-07-01/2025-12-31,TOTAL,,IE,0.0,0.0,,,1.0,Within 24 hours,5:17 hours,,,,,,We provide an immediate automated response to acknowledge receipt,
All,Pornhub,2025-07-01/2025-12-31,STATEMENT_CATEGORY_ANIMAL_WELFARE,,IE,0.0,0.0,,,0.0,,,,,,,,,
All,Pornhub,2025-07-01/2025-12-31,KEYWORD_ANIMAL_HARM,,IE,,,,,,,,,,,,,,
All,Pornhub,2025-07-01/2025-12-31,KEYWORD_UNLAWFUL_SALE_ANIMALS,,IE,,,,,,,,,,,,,,
All,Pornhub,2025-07-01/2025-12-31,KEYWORD_OTHER,"Text to detail the ""Other"" keyword.",IE,,,,,,,,,,,,,,
All,Pornhub,2025-07-01/2025-12-31,STATEMENT_CATEGORY_CONSUMER_INFORMATION,,IE,0.0,0.0,,,0.0,,,,,,,,,
All,Pornhub,2025-07-01/2025-12-31,KEYWORD_HIDDEN_ADVERTISEMENT,,IE,,,,,,,,,,,,,,
All,Pornhub,2025-07-01/2025-12-31,KEYWORD_INSUFFICIENT_INFORMATION_ON_TRADERS,,IE,,,,,,,,,,,,,,
All,Pornhub,2025-07-01/2025-12-31,KEYWORD_MISLEADING_INFO_GOODS_SERVICES,,IE,,,,,,,,,,,,,,
All,Pornhub,2025-07-01/2025-12-31,KEYWORD_MISLEADING_INFO_CONSUMER_RIGHTS,,IE,,,,,,,,,,,,,,
All,Pornhub,2025-07-01/2025-12-31,KEYWORD_NONCOMPLIANCE_PRICING,,IE,,,,,,,,,,,,,,
All,Pornhub,2025-07-01/2025-12-31,KEYWORD_OTHER,"Text to detail the ""Other"" keyword.",IE,,,,,,,,,,,,,,
All,Pornhub,2025-07-01/2025-12-31,STATEMENT_CATEGORY_CYBER_VIOLENCE,,IE,0.0,0.0,,,0.0,,,,,,,,,
All,Pornhub,2025-07-01/2025-12-31,KEYWORD_CYBER_BULLYING_INTIMIDATION,,IE,,,,,,,,,,,,,,
All,Pornhub,2025-07-01/2025-12-31,KEYWORD_CYBER_HARASSMENT,,IE,,,,,,,,,,,,,,
All,Pornhub,2025-07-01/2025-12-31,KEYWORD_CYBER_INCITEMENT,,IE,,,,,,,,,,,,,,
All,Pornhub,2025-07-01/2025-12-31,KEYWORD_CYBER_STALKING,,IE,,,,,,,,,,,,,,
All,Pornhub,2025-07-01/2025-12-31,KEYWORD_NON_CONSENSUAL_IMAGE_SHARING,,IE,,,,,,,,,,,,,,
All,Pornhub,2025-07-01/2025-12-31,KEYWORD_NON_CONSENSUAL_MATERIAL_DEEPFAKE,,IE,,,,,,,,,,,,,,
All,Pornhub,2025-07-01/2025-12-31,KEYWORD_OTHER,"Text to detail the ""Other"" keyword.",IE,,,,,,,,,,,,,,
All,Pornhub,2025-07-01/2025-12-31,STATEMENT_CATEGORY_CYBER_VIOLENCE_AGAINST_WOMEN,,IE,0.0,0.0,,,0.0,,,,,,,,,
All,Pornhub,2025-07-01/2025-12-31,KEYWORD_BULLYING_AGAINST_GIRLS,,IE,,,,,,,,,,,,,,
All,Pornhub,2025-07-01/2025-12-31,KEYWORD_CYBER_HARASSMENT_AGAINST_WOMEN,,IE,,,,,,,,,,,,,,
All,Pornhub,2025-07-01/2025-12-31,KEYWORD_CYBER_STALKING_AGAINST_WOMEN,,IE,,,,,,,,,,,,,,
All,Pornhub,2025-07-01/2025-12-31,KEYWORD_FEMALE_GENDERED_DISINFORMATION,,IE,,,,,,,,,,,,,,
All,Pornhub,2025-07-01/2025-12-31,KEYWORD_INCITEMENT_AGAINST_WOMEN,,IE,,,,,,,,,,,,,,
All,Pornhub,2025-07-01/2025-12-31,KEYWORD_NON_CONSENSUAL_IMAGE_SHARING_AGAINST_WOMEN,,IE,,,,,,,,,,,,,,
All,Pornhub,2025-07-01/2025-12-31,KEYWORD_NON_CONSENSUAL_MATERIAL_DEEPFAKE_AGAINST_WOMEN,,IE,,,,,,,,,,,,,,
All,Pornhub,2025-07-01/2025-12-31,KEYWORD_OTHER,"Text to detail the ""Other"" keyword.",IE,,,,,,,,,,,,,,
All,Pornhub,2025-07-01/2025-12-31,STATEMENT_CATEGORY_DATA_PROTECTION_AND_PRIVACY_VIOLATIONS,,IE,0.0,0.0,,,0.0,,,,,,,,,
All,Pornhub,2025-07-01/2025-12-31,KEYWORD_BIOMETRIC_DATA_BREACH,,IE,,,,,,,,,,,,,,
All,Pornhub,2025-07-01/2025-12-31,KEYWORD_DATA_FALSIFICATION,,IE,,,,,,,,,,,,,,
All,Pornhub,2025-07-01/2025-12-31,KEYWORD_MISSING_PROCESSING_GROUND,,IE,,,,,,,,,,,,,,
All,Pornhub,2025-07-01/2025-12-31,KEYWORD_RIGHT_TO_BE_FORGOTTEN,,IE,,,,,,,,,,,,,,
All,Pornhub,2025-07-01/2025-12-31,KEYWORD_OTHER,"Text to detail the ""Other"" keyword.",IE,,,,,,,,,,,,,,
All,Pornhub,2025-07-01/2025-12-31,STATEMENT_CATEGORY_ILLEGAL_OR_HARMFUL_SPEECH,,IE,0.0,0.0,,,0.0,,,,,,,,,
All,Pornhub,2025-07-01/2025-12-31,KEYWORD_DEFAMATION,,IE,,,,,,,,,,,,,,
All,Pornhub,2025-07-01/2025-12-31,KEYWORD_DISCRIMINATION,,IE,,,,,,,,,,,,,,
All,Pornhub,2025-07-01/2025-12-31,KEYWORD_HATE_SPEECH,,IE,,,,,,,,,,,,,,
All,Pornhub,2025-07-01/2025-12-31,KEYWORD_OTHER,"Text to detail the ""Other"" keyword.",IE,,,,,,,,,,,,,,
All,Pornhub,2025-07-01/2025-12-31,STATEMENT_CATEGORY_INTELLECTUAL_PROPERTY_INFRINGEMENTS,,IE,0.0,0.0,,,0.0,,,,,,,,,
All,Pornhub,2025-07-01/2025-12-31,KEYWORD_COPYRIGHT_INFRINGEMENT,,IE,,,,,,,,,,,,,,
All,Pornhub,2025-07-01/2025-12-31,KEYWORD_DESIGN_INFRINGEMENT,,IE,,,,,,,,,,,,,,
All,Pornhub,2025-07-01/2025-12-31,KEYWORD_GEOGRAPHIC_INDICATIONS_INFRINGEMENT,,IE,,,,,,,,,,,,,,
All,Pornhub,2025-07-01/2025-12-31,KEYWORD_PATENT_INFRINGEMENT,,IE,,,,,,,,,,,,,,
All,Pornhub,2025-07-01/2025-12-31,KEYWORD_TRADE_SECRET_INFRINGEMENT,,IE,,,,,,,,,,,,,,
All,Pornhub,2025-07-01/2025-12-31,KEYWORD_TRADEMARK_INFRINGEMENT,,IE,,,,,,,,,,,,,,
All,Pornhub,2025-07-01/2025-12-31,KEYWORD_OTHER,"Text to detail the ""Other"" keyword.",IE,,,,,,,,,,,,,,
All,Pornhub,2025-07-01/2025-12-31,STATEMENT_CATEGORY_NEGATIVE_EFFECTS_ON_CIVIC_DISCOURSE_OR_ELECTIONS,,IE,0.0,0.0,,,0.0,,,,,,,,,
All,Pornhub,2025-07-01/2025-12-31,KEYWORD_MISINFORMATION_DISINFORMATION,,IE,,,,,,,,,,,,,,
All,Pornhub,2025-07-01/2025-12-31,KEYWORD_VIOLATION_EU_LAW,,IE,,,,,,,,,,,,,,
All,Pornhub,2025-07-01/2025-12-31,KEYWORD_VIOLATION_NATIONAL_LAW,,IE,,,,,,,,,,,,,,
All,Pornhub,2025-07-01/2025-12-31,KEYWORD_OTHER,"Text to detail the ""Other"" keyword.",IE,,,,,,,,,,,,,,
All,Pornhub,2025-07-01/2025-12-31,STATEMENT_CATEGORY_PROTECTION_OF_MINORS,,IE,0.0,0.0,,,0.0,,,,,,,,,
All,Pornhub,2025-07-01/2025-12-31,KEYWORD_AGE_SPECIFIC_RESTRICTIONS_MINORS,,IE,,,,,,,,,,,,,,
All,Pornhub,2025-07-01/2025-12-31,KEYWORD_CHILD_SEXUAL_ABUSE_MATERIAL,,IE,,,,,,,,,,,,,,
All,Pornhub,2025-07-01/2025-12-31,KEYWORD_GROOMING_SEXUAL_ENTICEMENT_MINORS,,IE,,,,,,,,,,,,,,
All,Pornhub,2025-07-01/2025-12-31,KEYWORD_UNSAFE_CHALLENGES,,IE,,,,,,,,,,,,,,
All,Pornhub,2025-07-01/2025-12-31,KEYWORD_OTHER,"Text to detail the ""Other"" keyword.",IE,,,,,,,,,,,,,,
All,Pornhub,2025-07-01/2025-12-31,STATEMENT_CATEGORY_RISK_FOR_PUBLIC_SECURITY,,IE,0.0,0.0,,,0.0,,,,,,,,,
All,Pornhub,2025-07-01/2025-12-31,KEYWORD_ILLEGAL_ORGANIZATIONS,,IE,,,,,,,,,,,,,,
All,Pornhub,2025-07-01/2025-12-31,KEYWORD_RISK_ENVIRONMENTAL_DAMAGE,,IE,,,,,,,,,,,,,,
All,Pornhub,2025-07-01/2025-12-31,KEYWORD_RISK_PUBLIC_HEALTH,,IE,,,,,,,,,,,,,,
All,Pornhub,2025-07-01/2025-12-31,KEYWORD_TERRORIST_CONTENT,,IE,,,,,,,,,,,,,,
All,Pornhub,2025-07-01/2025-12-31,KEYWORD_OTHER,"Text to detail the ""Other"" keyword.",IE,,,,,,,,,,,,,,
All,Pornhub,2025-07-01/2025-12-31,STATEMENT_CATEGORY_SCAMS_AND_FRAUD,,IE,0.0,0.0,,,0.0,,,,,,,,,
All,Pornhub,2025-07-01/2025-12-31,KEYWORD_IMPERSONATION_ACCOUNT_HIJACKING,,IE,,,,,,,,,,,,,,
All,Pornhub,2025-07-01/2025-12-31,KEYWORD_INAUTHENTIC_ACCOUNTS,,IE,,,,,,,,,,,,,,
All,Pornhub,2025-07-01/2025-12-31,KEYWORD_INAUTHENTIC_LISTINGS,,IE,,,,,,,,,,,,,,
All,Pornhub,2025-07-01/2025-12-31,KEYWORD_INAUTHENTIC_USER_REVIEWS,,IE,,,,,,,,,,,,,,
All,Pornhub,2025-07-01/2025-12-31,KEYWORD_PHISHING,,IE,,,,,,,,,,,,,,
All,Pornhub,2025-07-01/2025-12-31,KEYWORD_PYRAMID_SCHEMES,,IE,,,,,,,,,,,,,,
All,Pornhub,2025-07-01/2025-12-31,KEYWORD_OTHER,"Text to detail the ""Other"" keyword.",IE,,,,,,,,,,,,,,
All,Pornhub,2025-07-01/2025-12-31,STATEMENT_CATEGORY_SELF_HARM,,IE,0.0,0.0,,,0.0,,,,,,,,,
All,Pornhub,2025-07-01/2025-12-31,KEYWORD_CONTENT_PROMOTING_EATING_DISORDERS,,IE,,,,,,,,,,,,,,
All,Pornhub,2025-07-01/2025-12-31,KEYWORD_SELF_MUTILATION,,IE,,,,,,,,,,,,,,
All,Pornhub,2025-07-01/2025-12-31,KEYWORD_SUICIDE,,IE,,,,,,,,,,,,,,
All,Pornhub,2025-07-01/2025-12-31,KEYWORD_OTHER,"Text to detail the ""Other"" keyword.",IE,,,,,,,,,,,,,,
All,Pornhub,2025-07-01/2025-12-31,STATEMENT_CATEGORY_UNSAFE_AND_PROHIBITED_PRODUCTS,,IE,0.0,0.0,,,0.0,,,,,,,,,
All,Pornhub,2025-07-01/2025-12-31,KEYWORD_PROHIBITED_PRODUCTS,,IE,,,,,,,,,,,,,,
All,Pornhub,2025-07-01/2025-12-31,KEYWORD_UNSAFE_PRODUCTS,,IE,,,,,,,,,,,,,,
All,Pornhub,2025-07-01/2025-12-31,KEYWORD_OTHER,"Text to detail the ""Other"" keyword.",IE,,,,,,,,,,,,,,
All,Pornhub,2025-07-01/2025-12-31,STATEMENT_CATEGORY_VIOLENCE,,IE,0.0,0.0,,,0.0,,,,,,,,,
All,Pornhub,2025-07-01/2025-12-31,KEYWORD_COORDINATED_HARM,,IE,,,,,,,,,,,,,,
All,Pornhub,2025-07-01/2025-12-31,KEYWORD_INCITEMENT_VIOLENCE_HATRED,,IE,,,,,,,,,,,,,,
All,Pornhub,2025-07-01/2025-12-31,KEYWORD_HUMAN_EXPLOITATION,,IE,,,,,,,,,,,,,,
All,Pornhub,2025-07-01/2025-12-31,KEYWORD_HUMAN_TRAFFICKING,,IE,,,,,,,,,,,,,,
All,Pornhub,2025-07-01/2025-12-31,KEYWORD_TRAFFICKING_WOMEN_GIRLS,,IE,,,,,,,,,,,,,,
All,Pornhub,2025-07-01/2025-12-31,KEYWORD_OTHER,"Text to detail the ""Other"" keyword.",IE,,,,,,,,,,,,,,
All,Pornhub,2025-07-01/2025-12-31,STATEMENT_CATEGORY_NOT_SPECIFIED_ORDER,,IE,0.0,0.0,,,1.0,Within 24 hours,5:17 hours,,,,,,We provide an immediate automated response to acknowledge receipt,
All,Pornhub,2025-07-01/2025-12-31,TOTAL,,IT,0.0,0.0,,,1.0,Within 24 hours,Less than 1 hour,,,,,,We provide an immediate automated response to acknowledge receipt,
All,Pornhub,2025-07-01/2025-12-31,STATEMENT_CATEGORY_ANIMAL_WELFARE,,IT,0.0,0.0,,,0.0,,,,,,,,,
All,Pornhub,2025-07-01/2025-12-31,KEYWORD_ANIMAL_HARM,,IT,,,,,,,,,,,,,,
All,Pornhub,2025-07-01/2025-12-31,KEYWORD_UNLAWFUL_SALE_ANIMALS,,IT,,,,,,,,,,,,,,
All,Pornhub,2025-07-01/2025-12-31,KEYWORD_OTHER,"Text to detail the ""Other"" keyword.",IT,,,,,,,,,,,,,,
All,Pornhub,2025-07-01/2025-12-31,STATEMENT_CATEGORY_CONSUMER_INFORMATION,,IT,0.0,0.0,,,0.0,,,,,,,,,
All,Pornhub,2025-07-01/2025-12-31,KEYWORD_HIDDEN_ADVERTISEMENT,,IT,,,,,,,,,,,,,,
All,Pornhub,2025-07-01/2025-12-31,KEYWORD_INSUFFICIENT_INFORMATION_ON_TRADERS,,IT,,,,,,,,,,,,,,
All,Pornhub,2025-07-01/2025-12-31,KEYWORD_MISLEADING_INFO_GOODS_SERVICES,,IT,,,,,,,,,,,,,,
All,Pornhub,2025-07-01/2025-12-31,KEYWORD_MISLEADING_INFO_CONSUMER_RIGHTS,,IT,,,,,,,,,,,,,,
All,Pornhub,2025-07-01/2025-12-31,KEYWORD_NONCOMPLIANCE_PRICING,,IT,,,,,,,,,,,,,,
All,Pornhub,2025-07-01/2025-12-31,KEYWORD_OTHER,"Text to detail the ""Other"" keyword.",IT,,,,,,,,,,,,,,
All,Pornhub,2025-07-01/2025-12-31,STATEMENT_CATEGORY_CYBER_VIOLENCE,,IT,0.0,0.0,,,0.0,,,,,,,,,
All,Pornhub,2025-07-01/2025-12-31,KEYWORD_CYBER_BULLYING_INTIMIDATION,,IT,,,,,,,,,,,,,,
All,Pornhub,2025-07-01/2025-12-31,KEYWORD_CYBER_HARASSMENT,,IT,,,,,,,,,,,,,,
All,Pornhub,2025-07-01/2025-12-31,KEYWORD_CYBER_INCITEMENT,,IT,,,,,,,,,,,,,,
All,Pornhub,2025-07-01/2025-12-31,KEYWORD_CYBER_STALKING,,IT,,,,,,,,,,,,,,
All,Pornhub,2025-07-01/2025-12-31,KEYWORD_NON_CONSENSUAL_IMAGE_SHARING,,IT,,,,,,,,,,,,,,
All,Pornhub,2025-07-01/2025-12-31,KEYWORD_NON_CONSENSUAL_MATERIAL_DEEPFAKE,,IT,,,,,,,,,,,,,,
All,Pornhub,2025-07-01/2025-12-31,KEYWORD_OTHER,"Text to detail the ""Other"" keyword.",IT,,,,,,,,,,,,,,
All,Pornhub,2025-07-01/2025-12-31,STATEMENT_CATEGORY_CYBER_VIOLENCE_AGAINST_WOMEN,,IT,0.0,0.0,,,0.0,,,,,,,,,
All,Pornhub,2025-07-01/2025-12-31,KEYWORD_BULLYING_AGAINST_GIRLS,,IT,,,,,,,,,,,,,,
All,Pornhub,2025-07-01/2025-12-31,KEYWORD_CYBER_HARASSMENT_AGAINST_WOMEN,,IT,,,,,,,,,,,,,,
All,Pornhub,2025-07-01/2025-12-31,KEYWORD_CYBER_STALKING_AGAINST_WOMEN,,IT,,,,,,,,,,,,,,
All,Pornhub,2025-07-01/2025-12-31,KEYWORD_FEMALE_GENDERED_DISINFORMATION,,IT,,,,,,,,,,,,,,
All,Pornhub,2025-07-01/2025-12-31,KEYWORD_INCITEMENT_AGAINST_WOMEN,,IT,,,,,,,,,,,,,,
All,Pornhub,2025-07-01/2025-12-31,KEYWORD_NON_CONSENSUAL_IMAGE_SHARING_AGAINST_WOMEN,,IT,,,,,,,,,,,,,,
All,Pornhub,2025-07-01/2025-12-31,KEYWORD_NON_CONSENSUAL_MATERIAL_DEEPFAKE_AGAINST_WOMEN,,IT,,,,,,,,,,,,,,
All,Pornhub,2025-07-01/2025-12-31,KEYWORD_OTHER,"Text to detail the ""Other"" keyword.",IT,,,,,,,,,,,,,,
All,Pornhub,2025-07-01/2025-12-31,STATEMENT_CATEGORY_DATA_PROTECTION_AND_PRIVACY_VIOLATIONS,,IT,0.0,0.0,,,0.0,,,,,,,,,
All,Pornhub,2025-07-01/2025-12-31,KEYWORD_BIOMETRIC_DATA_BREACH,,IT,,,,,,,,,,,,,,
All,Pornhub,2025-07-01/2025-12-31,KEYWORD_DATA_FALSIFICATION,,IT,,,,,,,,,,,,,,
All,Pornhub,2025-07-01/2025-12-31,KEYWORD_MISSING_PROCESSING_GROUND,,IT,,,,,,,,,,,,,,
All,Pornhub,2025-07-01/2025-12-31,KEYWORD_RIGHT_TO_BE_FORGOTTEN,,IT,,,,,,,,,,,,,,
All,Pornhub,2025-07-01/2025-12-31,KEYWORD_OTHER,"Text to detail the ""Other"" keyword.",IT,,,,,,,,,,,,,,
All,Pornhub,2025-07-01/2025-12-31,STATEMENT_CATEGORY_ILLEGAL_OR_HARMFUL_SPEECH,,IT,0.0,0.0,,,0.0,,,,,,,,,
All,Pornhub,2025-07-01/2025-12-31,KEYWORD_DEFAMATION,,IT,,,,,,,,,,,,,,
All,Pornhub,2025-07-01/2025-12-31,KEYWORD_DISCRIMINATION,,IT,,,,,,,,,,,,,,
All,Pornhub,2025-07-01/2025-12-31,KEYWORD_HATE_SPEECH,,IT,,,,,,,,,,,,,,
All,Pornhub,2025-07-01/2025-12-31,KEYWORD_OTHER,"Text to detail the ""Other"" keyword.",IT,,,,,,,,,,,,,,
All,Pornhub,2025-07-01/2025-12-31,STATEMENT_CATEGORY_INTELLECTUAL_PROPERTY_INFRINGEMENTS,,IT,0.0,0.0,,,0.0,,,,,,,,,
All,Pornhub,2025-07-01/2025-12-31,KEYWORD_COPYRIGHT_INFRINGEMENT,,IT,,,,,,,,,,,,,,
All,Pornhub,2025-07-01/2025-12-31,KEYWORD_DESIGN_INFRINGEMENT,,IT,,,,,,,,,,,,,,
All,Pornhub,2025-07-01/2025-12-31,KEYWORD_GEOGRAPHIC_INDICATIONS_INFRINGEMENT,,IT,,,,,,,,,,,,,,
All,Pornhub,2025-07-01/2025-12-31,KEYWORD_PATENT_INFRINGEMENT,,IT,,,,,,,,,,,,,,
All,Pornhub,2025-07-01/2025-12-31,KEYWORD_TRADE_SECRET_INFRINGEMENT,,IT,,,,,,,,,,,,,,
All,Pornhub,2025-07-01/2025-12-31,KEYWORD_TRADEMARK_INFRINGEMENT,,IT,,,,,,,,,,,,,,
All,Pornhub,2025-07-01/2025-12-31,KEYWORD_OTHER,"Text to detail the ""Other"" keyword.",IT,,,,,,,,,,,,,,
All,Pornhub,2025-07-01/2025-12-31,STATEMENT_CATEGORY_NEGATIVE_EFFECTS_ON_CIVIC_DISCOURSE_OR_ELECTIONS,,IT,0.0,0.0,,,0.0,,,,,,,,,
All,Pornhub,2025-07-01/2025-12-31,KEYWORD_MISINFORMATION_DISINFORMATION,,IT,,,,,,,,,,,,,,
All,Pornhub,2025-07-01/2025-12-31,KEYWORD_VIOLATION_EU_LAW,,IT,,,,,,,,,,,,,,
All,Pornhub,2025-07-01/2025-12-31,KEYWORD_VIOLATION_NATIONAL_LAW,,IT,,,,,,,,,,,,,,
All,Pornhub,2025-07-01/2025-12-31,KEYWORD_OTHER,"Text to detail the ""Other"" keyword.",IT,,,,,,,,,,,,,,
All,Pornhub,2025-07-01/2025-12-31,STATEMENT_CATEGORY_PROTECTION_OF_MINORS,,IT,0.0,0.0,,,0.0,,,,,,,,,
All,Pornhub,2025-07-01/2025-12-31,KEYWORD_AGE_SPECIFIC_RESTRICTIONS_MINORS,,IT,,,,,,,,,,,,,,
All,Pornhub,2025-07-01/2025-12-31,KEYWORD_CHILD_SEXUAL_ABUSE_MATERIAL,,IT,,,,,,,,,,,,,,
All,Pornhub,2025-07-01/2025-12-31,KEYWORD_GROOMING_SEXUAL_ENTICEMENT_MINORS,,IT,,,,,,,,,,,,,,
All,Pornhub,2025-07-01/2025-12-31,KEYWORD_UNSAFE_CHALLENGES,,IT,,,,,,,,,,,,,,
All,Pornhub,2025-07-01/2025-12-31,KEYWORD_OTHER,"Text to detail the ""Other"" keyword.",IT,,,,,,,,,,,,,,
All,Pornhub,2025-07-01/2025-12-31,STATEMENT_CATEGORY_RISK_FOR_PUBLIC_SECURITY,,IT,0.0,0.0,,,0.0,,,,,,,,,
All,Pornhub,2025-07-01/2025-12-31,KEYWORD_ILLEGAL_ORGANIZATIONS,,IT,,,,,,,,,,,,,,
All,Pornhub,2025-07-01/2025-12-31,KEYWORD_RISK_ENVIRONMENTAL_DAMAGE,,IT,,,,,,,,,,,,,,
All,Pornhub,2025-07-01/2025-12-31,KEYWORD_RISK_PUBLIC_HEALTH,,IT,,,,,,,,,,,,,,
All,Pornhub,2025-07-01/2025-12-31,KEYWORD_TERRORIST_CONTENT,,IT,,,,,,,,,,,,,,
All,Pornhub,2025-07-01/2025-12-31,KEYWORD_OTHER,"Text to detail the ""Other"" keyword.",IT,,,,,,,,,,,,,,
All,Pornhub,2025-07-01/2025-12-31,STATEMENT_CATEGORY_SCAMS_AND_FRAUD,,IT,0.0,0.0,,,0.0,,,,,,,,,
All,Pornhub,2025-07-01/2025-12-31,KEYWORD_IMPERSONATION_ACCOUNT_HIJACKING,,IT,,,,,,,,,,,,,,
All,Pornhub,2025-07-01/2025-12-31,KEYWORD_INAUTHENTIC_ACCOUNTS,,IT,,,,,,,,,,,,,,
All,Pornhub,2025-07-01/2025-12-31,KEYWORD_INAUTHENTIC_LISTINGS,,IT,,,,,,,,,,,,,,
All,Pornhub,2025-07-01/2025-12-31,KEYWORD_INAUTHENTIC_USER_REVIEWS,,IT,,,,,,,,,,,,,,
All,Pornhub,2025-07-01/2025-12-31,KEYWORD_PHISHING,,IT,,,,,,,,,,,,,,
All,Pornhub,2025-07-01/2025-12-31,KEYWORD_PYRAMID_SCHEMES,,IT,,,,,,,,,,,,,,
All,Pornhub,2025-07-01/2025-12-31,KEYWORD_OTHER,"Text to detail the ""Other"" keyword.",IT,,,,,,,,,,,,,,
All,Pornhub,2025-07-01/2025-12-31,STATEMENT_CATEGORY_SELF_HARM,,IT,0.0,0.0,,,0.0,,,,,,,,,
All,Pornhub,2025-07-01/2025-12-31,KEYWORD_CONTENT_PROMOTING_EATING_DISORDERS,,IT,,,,,,,,,,,,,,
All,Pornhub,2025-07-01/2025-12-31,KEYWORD_SELF_MUTILATION,,IT,,,,,,,,,,,,,,
All,Pornhub,2025-07-01/2025-12-31,KEYWORD_SUICIDE,,IT,,,,,,,,,,,,,,
All,Pornhub,2025-07-01/2025-12-31,KEYWORD_OTHER,"Text to detail the ""Other"" keyword.",IT,,,,,,,,,,,,,,
All,Pornhub,2025-07-01/2025-12-31,STATEMENT_CATEGORY_UNSAFE_AND_PROHIBITED_PRODUCTS,,IT,0.0,0.0,,,0.0,,,,,,,,,
All,Pornhub,2025-07-01/2025-12-31,KEYWORD_PROHIBITED_PRODUCTS,,IT,,,,,,,,,,,,,,
All,Pornhub,2025-07-01/2025-12-31,KEYWORD_UNSAFE_PRODUCTS,,IT,,,,,,,,,,,,,,
All,Pornhub,2025-07-01/2025-12-31,KEYWORD_OTHER,"Text to detail the ""Other"" keyword.",IT,,,,,,,,,,,,,,
All,Pornhub,2025-07-01/2025-12-31,STATEMENT_CATEGORY_VIOLENCE,,IT,0.0,0.0,,,0.0,,,,,,,,,
All,Pornhub,2025-07-01/2025-12-31,KEYWORD_COORDINATED_HARM,,IT,,,,,,,,,,,,,,
All,Pornhub,2025-07-01/2025-12-31,KEYWORD_INCITEMENT_VIOLENCE_HATRED,,IT,,,,,,,,,,,,,,
All,Pornhub,2025-07-01/2025-12-31,KEYWORD_HUMAN_EXPLOITATION,,IT,,,,,,,,,,,,,,
All,Pornhub,2025-07-01/2025-12-31,KEYWORD_HUMAN_TRAFFICKING,,IT,,,,,,,,,,,,,,
All,Pornhub,2025-07-01/2025-12-31,KEYWORD_TRAFFICKING_WOMEN_GIRLS,,IT,,,,,,,,,,,,,,
All,Pornhub,2025-07-01/2025-12-31,KEYWORD_OTHER,"Text to detail the ""Other"" keyword.",IT,,,,,,,,,,,,,,
All,Pornhub,2025-07-01/2025-12-31,STATEMENT_CATEGORY_NOT_SPECIFIED_ORDER,,IT,0.0,0.0,,,1.0,Within 24 hours,Less than 1 hour,,,,,,We provide an immediate automated response to acknowledge receipt,
All,Pornhub,2025-07-01/2025-12-31,TOTAL,,PL,0.0,0.0,,,1.0,Within 24 hours,3:47 hours,,,,,,We provide an immediate automated response to acknowledge receipt,
All,Pornhub,2025-07-01/2025-12-31,STATEMENT_CATEGORY_ANIMAL_WELFARE,,PL,0.0,0.0,,,0.0,,,,,,,,,
All,Pornhub,2025-07-01/2025-12-31,KEYWORD_ANIMAL_HARM,,PL,,,,,,,,,,,,,,
All,Pornhub,2025-07-01/2025-12-31,KEYWORD_UNLAWFUL_SALE_ANIMALS,,PL,,,,,,,,,,,,,,
All,Pornhub,2025-07-01/2025-12-31,KEYWORD_OTHER,"Text to detail the ""Other"" keyword.",PL,,,,,,,,,,,,,,
All,Pornhub,2025-07-01/2025-12-31,STATEMENT_CATEGORY_CONSUMER_INFORMATION,,PL,0.0,0.0,,,0.0,,,,,,,,,
All,Pornhub,2025-07-01/2025-12-31,KEYWORD_HIDDEN_ADVERTISEMENT,,PL,,,,,,,,,,,,,,
All,Pornhub,2025-07-01/2025-12-31,KEYWORD_INSUFFICIENT_INFORMATION_ON_TRADERS,,PL,,,,,,,,,,,,,,
All,Pornhub,2025-07-01/2025-12-31,KEYWORD_MISLEADING_INFO_GOODS_SERVICES,,PL,,,,,,,,,,,,,,
All,Pornhub,2025-07-01/2025-12-31,KEYWORD_MISLEADING_INFO_CONSUMER_RIGHTS,,PL,,,,,,,,,,,,,,
All,Pornhub,2025-07-01/2025-12-31,KEYWORD_NONCOMPLIANCE_PRICING,,PL,,,,,,,,,,,,,,
All,Pornhub,2025-07-01/2025-12-31,KEYWORD_OTHER,"Text to detail the ""Other"" keyword.",PL,,,,,,,,,,,,,,
All,Pornhub,2025-07-01/2025-12-31,STATEMENT_CATEGORY_CYBER_VIOLENCE,,PL,0.0,0.0,,,0.0,,,,,,,,,
All,Pornhub,2025-07-01/2025-12-31,KEYWORD_CYBER_BULLYING_INTIMIDATION,,PL,,,,,,,,,,,,,,
All,Pornhub,2025-07-01/2025-12-31,KEYWORD_CYBER_HARASSMENT,,PL,,,,,,,,,,,,,,
All,Pornhub,2025-07-01/2025-12-31,KEYWORD_CYBER_INCITEMENT,,PL,,,,,,,,,,,,,,
All,Pornhub,2025-07-01/2025-12-31,KEYWORD_CYBER_STALKING,,PL,,,,,,,,,,,,,,
All,Pornhub,2025-07-01/2025-12-31,KEYWORD_NON_CONSENSUAL_IMAGE_SHARING,,PL,,,,,,,,,,,,,,
All,Pornhub,2025-07-01/2025-12-31,KEYWORD_NON_CONSENSUAL_MATERIAL_DEEPFAKE,,PL,,,,,,,,,,,,,,
All,Pornhub,2025-07-01/2025-12-31,KEYWORD_OTHER,"Text to detail the ""Other"" keyword.",PL,,,,,,,,,,,,,,
All,Pornhub,2025-07-01/2025-12-31,STATEMENT_CATEGORY_CYBER_VIOLENCE_AGAINST_WOMEN,,PL,0.0,0.0,,,0.0,,,,,,,,,
All,Pornhub,2025-07-01/2025-12-31,KEYWORD_BULLYING_AGAINST_GIRLS,,PL,,,,,,,,,,,,,,
All,Pornhub,2025-07-01/2025-12-31,KEYWORD_CYBER_HARASSMENT_AGAINST_WOMEN,,PL,,,,,,,,,,,,,,
All,Pornhub,2025-07-01/2025-12-31,KEYWORD_CYBER_STALKING_AGAINST_WOMEN,,PL,,,,,,,,,,,,,,
All,Pornhub,2025-07-01/2025-12-31,KEYWORD_FEMALE_GENDERED_DISINFORMATION,,PL,,,,,,,,,,,,,,
All,Pornhub,2025-07-01/2025-12-31,KEYWORD_INCITEMENT_AGAINST_WOMEN,,PL,,,,,,,,,,,,,,
All,Pornhub,2025-07-01/2025-12-31,KEYWORD_NON_CONSENSUAL_IMAGE_SHARING_AGAINST_WOMEN,,PL,,,,,,,,,,,,,,
All,Pornhub,2025-07-01/2025-12-31,KEYWORD_NON_CONSENSUAL_MATERIAL_DEEPFAKE_AGAINST_WOMEN,,PL,,,,,,,,,,,,,,
All,Pornhub,2025-07-01/2025-12-31,KEYWORD_OTHER,"Text to detail the ""Other"" keyword.",PL,,,,,,,,,,,,,,
All,Pornhub,2025-07-01/2025-12-31,STATEMENT_CATEGORY_DATA_PROTECTION_AND_PRIVACY_VIOLATIONS,,PL,0.0,0.0,,,1.0,Within 24 hours,3:47 hours,,,,,,We provide an immediate automated response to acknowledge receipt,
All,Pornhub,2025-07-01/2025-12-31,KEYWORD_BIOMETRIC_DATA_BREACH,,PL,,,,,,,,,,,,,,
All,Pornhub,2025-07-01/2025-12-31,KEYWORD_DATA_FALSIFICATION,,PL,,,,,,,,,,,,,,
All,Pornhub,2025-07-01/2025-12-31,KEYWORD_MISSING_PROCESSING_GROUND,,PL,,,,,,,,,,,,,,
All,Pornhub,2025-07-01/2025-12-31,KEYWORD_RIGHT_TO_BE_FORGOTTEN,,PL,,,,,,,,,,,,,,
All,Pornhub,2025-07-01/2025-12-31,KEYWORD_OTHER,"Text to detail the ""Other"" keyword.",PL,,,,,1.0,Within 24 hours,3:47 hours,,,,,,We provide an immediate automated response to acknowledge receipt,
All,Pornhub,2025-07-01/2025-12-31,STATEMENT_CATEGORY_ILLEGAL_OR_HARMFUL_SPEECH,,PL,0.0,0.0,,,0.0,,,,,,,,,
All,Pornhub,2025-07-01/2025-12-31,KEYWORD_DEFAMATION,,PL,,,,,,,,,,,,,,
All,Pornhub,2025-07-01/2025-12-31,KEYWORD_DISCRIMINATION,,PL,,,,,,,,,,,,,,
All,Pornhub,2025-07-01/2025-12-31,KEYWORD_HATE_SPEECH,,PL,,,,,,,,,,,,,,
All,Pornhub,2025-07-01/2025-12-31,KEYWORD_OTHER,"Text to detail the ""Other"" keyword.",PL,,,,,,,,,,,,,,
All,Pornhub,2025-07-01/2025-12-31,STATEMENT_CATEGORY_INTELLECTUAL_PROPERTY_INFRINGEMENTS,,PL,0.0,0.0,,,0.0,,,,,,,,,
All,Pornhub,2025-07-01/2025-12-31,KEYWORD_COPYRIGHT_INFRINGEMENT,,PL,,,,,,,,,,,,,,
All,Pornhub,2025-07-01/2025-12-31,KEYWORD_DESIGN_INFRINGEMENT,,PL,,,,,,,,,,,,,,
All,Pornhub,2025-07-01/2025-12-31,KEYWORD_GEOGRAPHIC_INDICATIONS_INFRINGEMENT,,PL,,,,,,,,,,,,,,
All,Pornhub,2025-07-01/2025-12-31,KEYWORD_PATENT_INFRINGEMENT,,PL,,,,,,,,,,,,,,
All,Pornhub,2025-07-01/2025-12-31,KEYWORD_TRADE_SECRET_INFRINGEMENT,,PL,,,,,,,,,,,,,,
All,Pornhub,2025-07-01/2025-12-31,KEYWORD_TRADEMARK_INFRINGEMENT,,PL,,,,,,,,,,,,,,
All,Pornhub,2025-07-01/2025-12-31,KEYWORD_OTHER,"Text to detail the ""Other"" keyword.",PL,,,,,,,,,,,,,,
All,Pornhub,2025-07-01/2025-12-31,STATEMENT_CATEGORY_NEGATIVE_EFFECTS_ON_CIVIC_DISCOURSE_OR_ELECTIONS,,PL,0.0,0.0,,,0.0,,,,,,,,,
All,Pornhub,2025-07-01/2025-12-31,KEYWORD_MISINFORMATION_DISINFORMATION,,PL,,,,,,,,,,,,,,
All,Pornhub,2025-07-01/2025-12-31,KEYWORD_VIOLATION_EU_LAW,,PL,,,,,,,,,,,,,,
All,Pornhub,2025-07-01/2025-12-31,KEYWORD_VIOLATION_NATIONAL_LAW,,PL,,,,,,,,,,,,,,
All,Pornhub,2025-07-01/2025-12-31,KEYWORD_OTHER,"Text to detail the ""Other"" keyword.",PL,,,,,,,,,,,,,,
All,Pornhub,2025-07-01/2025-12-31,STATEMENT_CATEGORY_PROTECTION_OF_MINORS,,PL,0.0,0.0,,,0.0,,,,,,,,,
All,Pornhub,2025-07-01/2025-12-31,KEYWORD_AGE_SPECIFIC_RESTRICTIONS_MINORS,,PL,,,,,,,,,,,,,,
All,Pornhub,2025-07-01/2025-12-31,KEYWORD_CHILD_SEXUAL_ABUSE_MATERIAL,,PL,,,,,,,,,,,,,,
All,Pornhub,2025-07-01/2025-12-31,KEYWORD_GROOMING_SEXUAL_ENTICEMENT_MINORS,,PL,,,,,,,,,,,,,,
All,Pornhub,2025-07-01/2025-12-31,KEYWORD_UNSAFE_CHALLENGES,,PL,,,,,,,,,,,,,,
All,Pornhub,2025-07-01/2025-12-31,KEYWORD_OTHER,"Text to detail the ""Other"" keyword.",PL,,,,,,,,,,,,,,
All,Pornhub,2025-07-01/2025-12-31,STATEMENT_CATEGORY_RISK_FOR_PUBLIC_SECURITY,,PL,0.0,0.0,,,0.0,,,,,,,,,
All,Pornhub,2025-07-01/2025-12-31,KEYWORD_ILLEGAL_ORGANIZATIONS,,PL,,,,,,,,,,,,,,
All,Pornhub,2025-07-01/2025-12-31,KEYWORD_RISK_ENVIRONMENTAL_DAMAGE,,PL,,,,,,,,,,,,,,
All,Pornhub,2025-07-01/2025-12-31,KEYWORD_RISK_PUBLIC_HEALTH,,PL,,,,,,,,,,,,,,
All,Pornhub,2025-07-01/2025-12-31,KEYWORD_TERRORIST_CONTENT,,PL,,,,,,,,,,,,,,
All,Pornhub,2025-07-01/2025-12-31,KEYWORD_OTHER,"Text to detail the ""Other"" keyword.",PL,,,,,,,,,,,,,,
All,Pornhub,2025-07-01/2025-12-31,STATEMENT_CATEGORY_SCAMS_AND_FRAUD,,PL,0.0,0.0,,,0.0,,,,,,,,,
All,Pornhub,2025-07-01/2025-12-31,KEYWORD_IMPERSONATION_ACCOUNT_HIJACKING,,PL,,,,,,,,,,,,,,
All,Pornhub,2025-07-01/2025-12-31,KEYWORD_INAUTHENTIC_ACCOUNTS,,PL,,,,,,,,,,,,,,
All,Pornhub,2025-07-01/2025-12-31,KEYWORD_INAUTHENTIC_LISTINGS,,PL,,,,,,,,,,,,,,
All,Pornhub,2025-07-01/2025-12-31,KEYWORD_INAUTHENTIC_USER_REVIEWS,,PL,,,,,,,,,,,,,,
All,Pornhub,2025-07-01/2025-12-31,KEYWORD_PHISHING,,PL,,,,,,,,,,,,,,
All,Pornhub,2025-07-01/2025-12-31,KEYWORD_PYRAMID_SCHEMES,,PL,,,,,,,,,,,,,,
All,Pornhub,2025-07-01/2025-12-31,KEYWORD_OTHER,"Text to detail the ""Other"" keyword.",PL,,,,,,,,,,,,,,
All,Pornhub,2025-07-01/2025-12-31,STATEMENT_CATEGORY_SELF_HARM,,PL,0.0,0.0,,,0.0,,,,,,,,,
All,Pornhub,2025-07-01/2025-12-31,KEYWORD_CONTENT_PROMOTING_EATING_DISORDERS,,PL,,,,,,,,,,,,,,
All,Pornhub,2025-07-01/2025-12-31,KEYWORD_SELF_MUTILATION,,PL,,,,,,,,,,,,,,
All,Pornhub,2025-07-01/2025-12-31,KEYWORD_SUICIDE,,PL,,,,,,,,,,,,,,
All,Pornhub,2025-07-01/2025-12-31,KEYWORD_OTHER,"Text to detail the ""Other"" keyword.",PL,,,,,,,,,,,,,,
All,Pornhub,2025-07-01/2025-12-31,STATEMENT_CATEGORY_UNSAFE_AND_PROHIBITED_PRODUCTS,,PL,0.0,0.0,,,0.0,,,,,,,,,
All,Pornhub,2025-07-01/2025-12-31,KEYWORD_PROHIBITED_PRODUCTS,,PL,,,,,,,,,,,,,,
All,Pornhub,2025-07-01/2025-12-31,KEYWORD_UNSAFE_PRODUCTS,,PL,,,,,,,,,,,,,,
All,Pornhub,2025-07-01/2025-12-31,KEYWORD_OTHER,"Text to detail the ""Other"" keyword.",PL,,,,,,,,,,,,,,
All,Pornhub,2025-07-01/2025-12-31,STATEMENT_CATEGORY_VIOLENCE,,PL,0.0,0.0,,,0.0,,,,,,,,,
All,Pornhub,2025-07-01/2025-12-31,KEYWORD_COORDINATED_HARM,,PL,,,,,,,,,,,,,,
All,Pornhub,2025-07-01/2025-12-31,KEYWORD_INCITEMENT_VIOLENCE_HATRED,,PL,,,,,,,,,,,,,,
All,Pornhub,2025-07-01/2025-12-31,KEYWORD_HUMAN_EXPLOITATION,,PL,,,,,,,,,,,,,,
All,Pornhub,2025-07-01/2025-12-31,KEYWORD_HUMAN_TRAFFICKING,,PL,,,,,,,,,,,,,,
All,Pornhub,2025-07-01/2025-12-31,KEYWORD_TRAFFICKING_WOMEN_GIRLS,,PL,,,,,,,,,,,,,,
All,Pornhub,2025-07-01/2025-12-31,KEYWORD_OTHER,"Text to detail the ""Other"" keyword.",PL,,,,,,,,,,,,,,
All,Pornhub,2025-07-01/2025-12-31,STATEMENT_CATEGORY_NOT_SPECIFIED_ORDER,,PL,0.0,0.0,,,0.0,,,,,,,,,
All,Pornhub,2025-07-01/2025-12-31,TOTAL,,RO,1.0,0.0,Within 24 hours,1:31 hours,0.0,,,,,We provide an immediate automated response to acknowledge receipt,,,,
All,Pornhub,2025-07-01/2025-12-31,STATEMENT_CATEGORY_ANIMAL_WELFARE,,RO,0.0,0.0,,,0.0,,,,,,,,,
All,Pornhub,2025-07-01/2025-12-31,KEYWORD_ANIMAL_HARM,,RO,,,,,,,,,,,,,,
All,Pornhub,2025-07-01/2025-12-31,KEYWORD_UNLAWFUL_SALE_ANIMALS,,RO,,,,,,,,,,,,,,
All,Pornhub,2025-07-01/2025-12-31,KEYWORD_OTHER,"Text to detail the ""Other"" keyword.",RO,,,,,,,,,,,,,,
All,Pornhub,2025-07-01/2025-12-31,STATEMENT_CATEGORY_CONSUMER_INFORMATION,,RO,0.0,0.0,,,0.0,,,,,,,,,
All,Pornhub,2025-07-01/2025-12-31,KEYWORD_HIDDEN_ADVERTISEMENT,,RO,,,,,,,,,,,,,,
All,Pornhub,2025-07-01/2025-12-31,KEYWORD_INSUFFICIENT_INFORMATION_ON_TRADERS,,RO,,,,,,,,,,,,,,
All,Pornhub,2025-07-01/2025-12-31,KEYWORD_MISLEADING_INFO_GOODS_SERVICES,,RO,,,,,,,,,,,,,,
All,Pornhub,2025-07-01/2025-12-31,KEYWORD_MISLEADING_INFO_CONSUMER_RIGHTS,,RO,,,,,,,,,,,,,,
All,Pornhub,2025-07-01/2025-12-31,KEYWORD_NONCOMPLIANCE_PRICING,,RO,,,,,,,,,,,,,,
All,Pornhub,2025-07-01/2025-12-31,KEYWORD_OTHER,"Text to detail the ""Other"" keyword.",RO,,,,,,,,,,,,,,
All,Pornhub,2025-07-01/2025-12-31,STATEMENT_CATEGORY_CYBER_VIOLENCE,,RO,0.0,0.0,,,0.0,,,,,,,,,
All,Pornhub,2025-07-01/2025-12-31,KEYWORD_CYBER_BULLYING_INTIMIDATION,,RO,,,,,,,,,,,,,,
All,Pornhub,2025-07-01/2025-12-31,KEYWORD_CYBER_HARASSMENT,,RO,,,,,,,,,,,,,,
All,Pornhub,2025-07-01/2025-12-31,KEYWORD_CYBER_INCITEMENT,,RO,,,,,,,,,,,,,,
All,Pornhub,2025-07-01/2025-12-31,KEYWORD_CYBER_STALKING,,RO,,,,,,,,,,,,,,
All,Pornhub,2025-07-01/2025-12-31,KEYWORD_NON_CONSENSUAL_IMAGE_SHARING,,RO,,,,,,,,,,,,,,
All,Pornhub,2025-07-01/2025-12-31,KEYWORD_NON_CONSENSUAL_MATERIAL_DEEPFAKE,,RO,,,,,,,,,,,,,,
All,Pornhub,2025-07-01/2025-12-31,KEYWORD_OTHER,"Text to detail the ""Other"" keyword.",RO,,,,,,,,,,,,,,
All,Pornhub,2025-07-01/2025-12-31,STATEMENT_CATEGORY_CYBER_VIOLENCE_AGAINST_WOMEN,,RO,0.0,0.0,,,0.0,,,,,,,,,
All,Pornhub,2025-07-01/2025-12-31,KEYWORD_BULLYING_AGAINST_GIRLS,,RO,,,,,,,,,,,,,,
All,Pornhub,2025-07-01/2025-12-31,KEYWORD_CYBER_HARASSMENT_AGAINST_WOMEN,,RO,,,,,,,,,,,,,,
All,Pornhub,2025-07-01/2025-12-31,KEYWORD_CYBER_STALKING_AGAINST_WOMEN,,RO,,,,,,,,,,,,,,
All,Pornhub,2025-07-01/2025-12-31,KEYWORD_FEMALE_GENDERED_DISINFORMATION,,RO,,,,,,,,,,,,,,
All,Pornhub,2025-07-01/2025-12-31,KEYWORD_INCITEMENT_AGAINST_WOMEN,,RO,,,,,,,,,,,,,,
All,Pornhub,2025-07-01/2025-12-31,KEYWORD_NON_CONSENSUAL_IMAGE_SHARING_AGAINST_WOMEN,,RO,,,,,,,,,,,,,,
All,Pornhub,2025-07-01/2025-12-31,KEYWORD_NON_CONSENSUAL_MATERIAL_DEEPFAKE_AGAINST_WOMEN,,RO,,,,,,,,,,,,,,
All,Pornhub,2025-07-01/2025-12-31,KEYWORD_OTHER,"Text to detail the ""Other"" keyword.",RO,,,,,,,,,,,,,,
All,Pornhub,2025-07-01/2025-12-31,STATEMENT_CATEGORY_DATA_PROTECTION_AND_PRIVACY_VIOLATIONS,,RO,0.0,0.0,,,0.0,,,,,,,,,
All,Pornhub,2025-07-01/2025-12-31,KEYWORD_BIOMETRIC_DATA_BREACH,,RO,,,,,,,,,,,,,,
All,Pornhub,2025-07-01/2025-12-31,KEYWORD_DATA_FALSIFICATION,,RO,,,,,,,,,,,,,,
All,Pornhub,2025-07-01/2025-12-31,KEYWORD_MISSING_PROCESSING_GROUND,,RO,,,,,,,,,,,,,,
All,Pornhub,2025-07-01/2025-12-31,KEYWORD_RIGHT_TO_BE_FORGOTTEN,,RO,,,,,,,,,,,,,,
All,Pornhub,2025-07-01/2025-12-31,KEYWORD_OTHER,"Text to detail the ""Other"" keyword.",RO,,,,,,,,,,,,,,
All,Pornhub,2025-07-01/2025-12-31,STATEMENT_CATEGORY_ILLEGAL_OR_HARMFUL_SPEECH,,RO,0.0,0.0,,,0.0,,,,,,,,,
All,Pornhub,2025-07-01/2025-12-31,KEYWORD_DEFAMATION,,RO,,,,,,,,,,,,,,
All,Pornhub,2025-07-01/2025-12-31,KEYWORD_DISCRIMINATION,,RO,,,,,,,,,,,,,,
All,Pornhub,2025-07-01/2025-12-31,KEYWORD_HATE_SPEECH,,RO,,,,,,,,,,,,,,
All,Pornhub,2025-07-01/2025-12-31,KEYWORD_OTHER,"Text to detail the ""Other"" keyword.",RO,,,,,,,,,,,,,,
All,Pornhub,2025-07-01/2025-12-31,STATEMENT_CATEGORY_INTELLECTUAL_PROPERTY_INFRINGEMENTS,,RO,0.0,0.0,,,0.0,,,,,,,,,
All,Pornhub,2025-07-01/2025-12-31,KEYWORD_COPYRIGHT_INFRINGEMENT,,RO,,,,,,,,,,,,,,
All,Pornhub,2025-07-01/2025-12-31,KEYWORD_DESIGN_INFRINGEMENT,,RO,,,,,,,,,,,,,,
All,Pornhub,2025-07-01/2025-12-31,KEYWORD_GEOGRAPHIC_INDICATIONS_INFRINGEMENT,,RO,,,,,,,,,,,,,,
All,Pornhub,2025-07-01/2025-12-31,KEYWORD_PATENT_INFRINGEMENT,,RO,,,,,,,,,,,,,,
All,Pornhub,2025-07-01/2025-12-31,KEYWORD_TRADE_SECRET_INFRINGEMENT,,RO,,,,,,,,,,,,,,
All,Pornhub,2025-07-01/2025-12-31,KEYWORD_TRADEMARK_INFRINGEMENT,,RO,,,,,,,,,,,,,,
All,Pornhub,2025-07-01/2025-12-31,KEYWORD_OTHER,"Text to detail the ""Other"" keyword.",RO,,,,,,,,,,,,,,
All,Pornhub,2025-07-01/2025-12-31,STATEMENT_CATEGORY_NEGATIVE_EFFECTS_ON_CIVIC_DISCOURSE_OR_ELECTIONS,,RO,0.0,0.0,,,0.0,,,,,,,,,
All,Pornhub,2025-07-01/2025-12-31,KEYWORD_MISINFORMATION_DISINFORMATION,,RO,,,,,,,,,,,,,,
All,Pornhub,2025-07-01/2025-12-31,KEYWORD_VIOLATION_EU_LAW,,RO,,,,,,,,,,,,,,
All,Pornhub,2025-07-01/2025-12-31,KEYWORD_VIOLATION_NATIONAL_LAW,,RO,,,,,,,,,,,,,,
All,Pornhub,2025-07-01/2025-12-31,KEYWORD_OTHER,"Text to detail the ""Other"" keyword.",RO,,,,,,,,,,,,,,
All,Pornhub,2025-07-01/2025-12-31,STATEMENT_CATEGORY_PROTECTION_OF_MINORS,,RO,1.0,0.0,Within 24 hours,1:31 hours,0.0,,,,,We provide an immediate automated response to acknowledge receipt,,,,
All,Pornhub,2025-07-01/2025-12-31,KEYWORD_AGE_SPECIFIC_RESTRICTIONS_MINORS,,RO,,,,,,,,,,,,,,
All,Pornhub,2025-07-01/2025-12-31,KEYWORD_CHILD_SEXUAL_ABUSE_MATERIAL,,RO,1.0,,Within 24 hours,1:31 hours,,,,,,We provide an immediate automated response to acknowledge receipt,,,,
All,Pornhub,2025-07-01/2025-12-31,KEYWORD_GROOMING_SEXUAL_ENTICEMENT_MINORS,,RO,,,,,,,,,,,,,,
All,Pornhub,2025-07-01/2025-12-31,KEYWORD_UNSAFE_CHALLENGES,,RO,,,,,,,,,,,,,,
All,Pornhub,2025-07-01/2025-12-31,KEYWORD_OTHER,"Text to detail the ""Other"" keyword.",RO,,,,,,,,,,,,,,
All,Pornhub,2025-07-01/2025-12-31,STATEMENT_CATEGORY_RISK_FOR_PUBLIC_SECURITY,,RO,0.0,0.0,,,0.0,,,,,,,,,
All,Pornhub,2025-07-01/2025-12-31,KEYWORD_ILLEGAL_ORGANIZATIONS,,RO,,,,,,,,,,,,,,
All,Pornhub,2025-07-01/2025-12-31,KEYWORD_RISK_ENVIRONMENTAL_DAMAGE,,RO,,,,,,,,,,,,,,
All,Pornhub,2025-07-01/2025-12-31,KEYWORD_RISK_PUBLIC_HEALTH,,RO,,,,,,,,,,,,,,
All,Pornhub,2025-07-01/2025-12-31,KEYWORD_TERRORIST_CONTENT,,RO,,,,,,,,,,,,,,
All,Pornhub,2025-07-01/2025-12-31,KEYWORD_OTHER,"Text to detail the ""Other"" keyword.",RO,,,,,,,,,,,,,,
All,Pornhub,2025-07-01/2025-12-31,STATEMENT_CATEGORY_SCAMS_AND_FRAUD,,RO,0.0,0.0,,,0.0,,,,,,,,,
All,Pornhub,2025-07-01/2025-12-31,KEYWORD_IMPERSONATION_ACCOUNT_HIJACKING,,RO,,,,,,,,,,,,,,
All,Pornhub,2025-07-01/2025-12-31,KEYWORD_INAUTHENTIC_ACCOUNTS,,RO,,,,,,,,,,,,,,
All,Pornhub,2025-07-01/2025-12-31,KEYWORD_INAUTHENTIC_LISTINGS,,RO,,,,,,,,,,,,,,
All,Pornhub,2025-07-01/2025-12-31,KEYWORD_INAUTHENTIC_USER_REVIEWS,,RO,,,,,,,,,,,,,,
All,Pornhub,2025-07-01/2025-12-31,KEYWORD_PHISHING,,RO,,,,,,,,,,,,,,
All,Pornhub,2025-07-01/2025-12-31,KEYWORD_PYRAMID_SCHEMES,,RO,,,,,,,,,,,,,,
All,Pornhub,2025-07-01/2025-12-31,KEYWORD_OTHER,"Text to detail the ""Other"" keyword.",RO,,,,,,,,,,,,,,
All,Pornhub,2025-07-01/2025-12-31,STATEMENT_CATEGORY_SELF_HARM,,RO,0.0,0.0,,,0.0,,,,,,,,,
All,Pornhub,2025-07-01/2025-12-31,KEYWORD_CONTENT_PROMOTING_EATING_DISORDERS,,RO,,,,,,,,,,,,,,
All,Pornhub,2025-07-01/2025-12-31,KEYWORD_SELF_MUTILATION,,RO,,,,,,,,,,,,,,
All,Pornhub,2025-07-01/2025-12-31,KEYWORD_SUICIDE,,RO,,,,,,,,,,,,,,
All,Pornhub,2025-07-01/2025-12-31,KEYWORD_OTHER,"Text to detail the ""Other"" keyword.",RO,,,,,,,,,,,,,,
All,Pornhub,2025-07-01/2025-12-31,STATEMENT_CATEGORY_UNSAFE_AND_PROHIBITED_PRODUCTS,,RO,0.0,0.0,,,0.0,,,,,,,,,
All,Pornhub,2025-07-01/2025-12-31,KEYWORD_PROHIBITED_PRODUCTS,,RO,,,,,,,,,,,,,,
All,Pornhub,2025-07-01/2025-12-31,KEYWORD_UNSAFE_PRODUCTS,,RO,,,,,,,,,,,,,,
All,Pornhub,2025-07-01/2025-12-31,KEYWORD_OTHER,"Text to detail the ""Other"" keyword.",RO,,,,,,,,,,,,,,
All,Pornhub,2025-07-01/2025-12-31,STATEMENT_CATEGORY_VIOLENCE,,RO,0.0,0.0,,,0.0,,,,,,,,,
All,Pornhub,2025-07-01/2025-12-31,KEYWORD_COORDINATED_HARM,,RO,,,,,,,,,,,,,,
All,Pornhub,2025-07-01/2025-12-31,KEYWORD_INCITEMENT_VIOLENCE_HATRED,,RO,,,,,,,,,,,,,,
All,Pornhub,2025-07-01/2025-12-31,KEYWORD_HUMAN_EXPLOITATION,,RO,,,,,,,,,,,,,,
All,Pornhub,2025-07-01/2025-12-31,KEYWORD_HUMAN_TRAFFICKING,,RO,,,,,,,,,,,,,,
All,Pornhub,2025-07-01/2025-12-31,KEYWORD_TRAFFICKING_WOMEN_GIRLS,,RO,,,,,,,,,,,,,,
All,Pornhub,2025-07-01/2025-12-31,KEYWORD_OTHER,"Text to detail the ""Other"" keyword.",RO,,,,,,,,,,,,,,
All,Pornhub,2025-07-01/2025-12-31,STATEMENT_CATEGORY_NOT_SPECIFIED_ORDER,,RO,0.0,0.0,,,0.0,,,,,,,,,
