Applicability,Service,Reporting period,Category of incompatibility with the provider's terms and conditions,"Description of the sub-category ""Other""",Number of measures taken at the provider's own initiative,Number of measures taken after detection with solely automated means,Visibility restriction Removal,Visibility restriction Disable,Visibility restriction Demoted,Visibility restriction Age restricted,Visibility restriction Interaction restricted,Visibility restriction Labelled,Visibility restriction Other,Monetary restriction Suspension,Monetary restriction Termination,Monetary restriction Other,Provision of the service Suspension,Provision of the service Termination,Account restriction Suspension,Account restriction Termination,Contextual Information on Number of measures taken at the provider's own initiative,Contextual Information on Number of measures taken after detection with solely automated means,Contextual Information on Visibility restriction Removal,Contextual Information on Visibility restriction Disable,Contextual Information on Visibility restriction Demoted,Contextual Information on Visibility restriction Age restricted,Contextual Information on Visibility restriction Interaction restricted,Contextual Information on Visibility restriction Labelled,Contextual Information on Visibility restriction Other,Contextual Information on Monetary restriction Suspension,Contextual Information on Monetary restriction Termination,Contextual Information on Monetary restriction Other,Contextual Information on Provision of the service Suspension,Contextual Information on Provision of the service Termination,Contextual Information on Account restriction Suspension,Contextual Information on Account restriction Termination
All,"Vimeo.com, Inc.",2025-01-01/2025-12-31,TOTAL,,149506,20093,47105,7,N/A,N/A,N/A,5797,N/A,N/A,N/A,N/A,N/A,N/A,N/A,76504,"The year-over-year decrease in total ""Own Initiative"" measures is driven, in part, by the success of our 2024 anti-spam initiatives. Following a large-scale cleanup of malicious spam accounts in 2024, we have seen a sustained reduction in that activity, resulting in fewer necessary enforcement actions this period. Additionally, Vimeo updated its EU copyright enforcement framework to align the processes more closely with applicable legal requirements. As part of this transition, the company moved away from broad detection signals in favor of a more notice-driven and targeted approach. This change reduced the volume of automated flags while maintaining effective mechanisms for addressing verified infringement.",,,,,,,,,,,,,,,
All,"Vimeo.com, Inc.",2025-01-01/2025-12-31,STATEMENT_CATEGORY_ANIMAL_WELFARE,,5,0,4,0,N/A,N/A,N/A,0,N/A,N/A,N/A,N/A,N/A,N/A,N/A,1,,,,,,,,,,,,,,,,
All,"Vimeo.com, Inc.",2025-01-01/2025-12-31,KEYWORD_ANIMAL_HARM,,5,0,4,0,N/A,N/A,N/A,0,N/A,N/A,N/A,N/A,N/A,N/A,N/A,1,,,,,,,,,,,,,,,,
All,"Vimeo.com, Inc.",2025-01-01/2025-12-31,KEYWORD_UNLAWFUL_SALE_ANIMALS,,0,0,0,0,N/A,N/A,N/A,0,N/A,N/A,N/A,N/A,N/A,N/A,N/A,0,,,,,,,,,,,,,,,,
All,"Vimeo.com, Inc.",2025-01-01/2025-12-31,KEYWORD_OTHER,"Text to detail the ""Other"" keyword.",0,0,0,0,N/A,N/A,N/A,0,N/A,N/A,N/A,N/A,N/A,N/A,N/A,0,,,,,,,,,,,,,,,,
All,"Vimeo.com, Inc.",2025-01-01/2025-12-31,STATEMENT_CATEGORY_CONSUMER_INFORMATION,,0,0,0,0,N/A,N/A,N/A,0,N/A,N/A,N/A,N/A,N/A,N/A,N/A,0,,,,,,,,,,,,,,,,
All,"Vimeo.com, Inc.",2025-01-01/2025-12-31,KEYWORD_HIDDEN_ADVERTISEMENT,,0,0,0,0,N/A,N/A,N/A,0,N/A,N/A,N/A,N/A,N/A,N/A,N/A,0,,,,,,,,,,,,,,,,
All,"Vimeo.com, Inc.",2025-01-01/2025-12-31,KEYWORD_INSUFFICIENT_INFORMATION_ON_TRADERS,,0,0,0,0,N/A,N/A,N/A,0,N/A,N/A,N/A,N/A,N/A,N/A,N/A,0,,,,,,,,,,,,,,,,
All,"Vimeo.com, Inc.",2025-01-01/2025-12-31,KEYWORD_MISLEADING_INFO_GOODS_SERVICES,,0,0,0,0,N/A,N/A,N/A,0,N/A,N/A,N/A,N/A,N/A,N/A,N/A,0,,,,,,,,,,,,,,,,
All,"Vimeo.com, Inc.",2025-01-01/2025-12-31,KEYWORD_MISLEADING_INFO_CONSUMER_RIGHTS,,0,0,0,0,N/A,N/A,N/A,0,N/A,N/A,N/A,N/A,N/A,N/A,N/A,0,,,,,,,,,,,,,,,,
All,"Vimeo.com, Inc.",2025-01-01/2025-12-31,KEYWORD_NONCOMPLIANCE_PRICING,,0,0,0,0,N/A,N/A,N/A,0,N/A,N/A,N/A,N/A,N/A,N/A,N/A,0,,,,,,,,,,,,,,,,
All,"Vimeo.com, Inc.",2025-01-01/2025-12-31,KEYWORD_OTHER,"Text to detail the ""Other"" keyword.",0,0,0,0,N/A,N/A,N/A,0,N/A,N/A,N/A,N/A,N/A,N/A,N/A,0,,,,,,,,,,,,,,,,
All,"Vimeo.com, Inc.",2025-01-01/2025-12-31,STATEMENT_CATEGORY_CYBER_VIOLENCE,,213,14,148,0,N/A,N/A,N/A,0,N/A,N/A,N/A,N/A,N/A,N/A,N/A,51,,,,,,,,,,,,,,,,
All,"Vimeo.com, Inc.",2025-01-01/2025-12-31,KEYWORD_CYBER_BULLYING_INTIMIDATION,,198,14,140,0,N/A,N/A,N/A,0,N/A,N/A,N/A,N/A,N/A,N/A,N/A,44,,,,,,,,,,,,,,,,
All,"Vimeo.com, Inc.",2025-01-01/2025-12-31,KEYWORD_CYBER_HARASSMENT,,7,0,0,0,N/A,N/A,N/A,0,N/A,N/A,N/A,N/A,N/A,N/A,N/A,7,,,,,,,,,,,,,,,,
All,"Vimeo.com, Inc.",2025-01-01/2025-12-31,KEYWORD_CYBER_INCITEMENT,,8,0,8,0,N/A,N/A,N/A,0,N/A,N/A,N/A,N/A,N/A,N/A,N/A,0,,,,,,,,,,,,,,,,
All,"Vimeo.com, Inc.",2025-01-01/2025-12-31,KEYWORD_CYBER_STALKING,,0,0,0,0,N/A,N/A,N/A,0,N/A,N/A,N/A,N/A,N/A,N/A,N/A,0,,,,,,,,,,,,,,,,
All,"Vimeo.com, Inc.",2025-01-01/2025-12-31,KEYWORD_NON_CONSENSUAL_IMAGE_SHARING,,0,0,0,0,N/A,N/A,N/A,0,N/A,N/A,N/A,N/A,N/A,N/A,N/A,0,,,,,,,,,,,,,,,,
All,"Vimeo.com, Inc.",2025-01-01/2025-12-31,KEYWORD_NON_CONSENSUAL_MATERIAL_DEEPFAKE,,0,0,0,0,N/A,N/A,N/A,0,N/A,N/A,N/A,N/A,N/A,N/A,N/A,0,,,,,,,,,,,,,,,,
All,"Vimeo.com, Inc.",2025-01-01/2025-12-31,KEYWORD_OTHER,"Text to detail the ""Other"" keyword.",0,0,0,0,N/A,N/A,N/A,0,N/A,N/A,N/A,N/A,N/A,N/A,N/A,0,,,,,,,,,,,,,,,,
All,"Vimeo.com, Inc.",2025-01-01/2025-12-31,STATEMENT_CATEGORY_CYBER_VIOLENCE_AGAINST_WOMEN,,0,0,0,0,N/A,N/A,N/A,0,N/A,N/A,N/A,N/A,N/A,N/A,N/A,0,,,,,,,,,,,,,,,,
All,"Vimeo.com, Inc.",2025-01-01/2025-12-31,KEYWORD_BULLYING_AGAINST_GIRLS,,0,0,0,0,N/A,N/A,N/A,0,N/A,N/A,N/A,N/A,N/A,N/A,N/A,0,,,,,,,,,,,,,,,,
All,"Vimeo.com, Inc.",2025-01-01/2025-12-31,KEYWORD_CYBER_HARASSMENT_AGAINST_WOMEN,,0,0,0,0,N/A,N/A,N/A,0,N/A,N/A,N/A,N/A,N/A,N/A,N/A,0,,,,,,,,,,,,,,,,
All,"Vimeo.com, Inc.",2025-01-01/2025-12-31,KEYWORD_CYBER_STALKING_AGAINST_WOMEN,,0,0,0,0,N/A,N/A,N/A,0,N/A,N/A,N/A,N/A,N/A,N/A,N/A,0,,,,,,,,,,,,,,,,
All,"Vimeo.com, Inc.",2025-01-01/2025-12-31,KEYWORD_FEMALE_GENDERED_DISINFORMATION,,0,0,0,0,N/A,N/A,N/A,0,N/A,N/A,N/A,N/A,N/A,N/A,N/A,0,,,,,,,,,,,,,,,,
All,"Vimeo.com, Inc.",2025-01-01/2025-12-31,KEYWORD_INCITEMENT_AGAINST_WOMEN,,0,0,0,0,N/A,N/A,N/A,0,N/A,N/A,N/A,N/A,N/A,N/A,N/A,0,,,,,,,,,,,,,,,,
All,"Vimeo.com, Inc.",2025-01-01/2025-12-31,KEYWORD_NON_CONSENSUAL_IMAGE_SHARING_AGAINST_WOMEN,,0,0,0,0,N/A,N/A,N/A,0,N/A,N/A,N/A,N/A,N/A,N/A,N/A,0,,,,,,,,,,,,,,,,
All,"Vimeo.com, Inc.",2025-01-01/2025-12-31,KEYWORD_NON_CONSENSUAL_MATERIAL_DEEPFAKE_AGAINST_WOMEN,,0,0,0,0,N/A,N/A,N/A,0,N/A,N/A,N/A,N/A,N/A,N/A,N/A,0,,,,,,,,,,,,,,,,
All,"Vimeo.com, Inc.",2025-01-01/2025-12-31,KEYWORD_OTHER,"Text to detail the ""Other"" keyword.",0,0,0,0,N/A,N/A,N/A,0,N/A,N/A,N/A,N/A,N/A,N/A,N/A,0,,,,,,,,,,,,,,,,
All,"Vimeo.com, Inc.",2025-01-01/2025-12-31,STATEMENT_CATEGORY_DATA_PROTECTION_AND_PRIVACY_VIOLATIONS,,0,0,0,0,N/A,N/A,N/A,0,N/A,N/A,N/A,N/A,N/A,N/A,N/A,0,,,,,,,,,,,,,,,,
All,"Vimeo.com, Inc.",2025-01-01/2025-12-31,KEYWORD_BIOMETRIC_DATA_BREACH,,0,0,0,0,N/A,N/A,N/A,0,N/A,N/A,N/A,N/A,N/A,N/A,N/A,0,,,,,,,,,,,,,,,,
All,"Vimeo.com, Inc.",2025-01-01/2025-12-31,KEYWORD_DATA_FALSIFICATION,,0,0,0,0,N/A,N/A,N/A,0,N/A,N/A,N/A,N/A,N/A,N/A,N/A,0,,,,,,,,,,,,,,,,
All,"Vimeo.com, Inc.",2025-01-01/2025-12-31,KEYWORD_MISSING_PROCESSING_GROUND,,0,0,0,0,N/A,N/A,N/A,0,N/A,N/A,N/A,N/A,N/A,N/A,N/A,0,,,,,,,,,,,,,,,,
All,"Vimeo.com, Inc.",2025-01-01/2025-12-31,KEYWORD_RIGHT_TO_BE_FORGOTTEN,,0,0,0,0,N/A,N/A,N/A,0,N/A,N/A,N/A,N/A,N/A,N/A,N/A,0,,,,,,,,,,,,,,,,
All,"Vimeo.com, Inc.",2025-01-01/2025-12-31,KEYWORD_OTHER,"Text to detail the ""Other"" keyword.",0,0,0,0,N/A,N/A,N/A,0,N/A,N/A,N/A,N/A,N/A,N/A,N/A,0,,,,,,,,,,,,,,,,
All,"Vimeo.com, Inc.",2025-01-01/2025-12-31,STATEMENT_CATEGORY_ILLEGAL_OR_HARMFUL_SPEECH,,235,2,176,0,N/A,N/A,N/A,0,N/A,N/A,N/A,N/A,N/A,N/A,N/A,57,,,,,,,,,,,,,,,,
All,"Vimeo.com, Inc.",2025-01-01/2025-12-31,KEYWORD_DEFAMATION,,35,0,27,0,N/A,N/A,N/A,0,N/A,N/A,N/A,N/A,N/A,N/A,N/A,8,,,,,,,,,,,,,,,,
All,"Vimeo.com, Inc.",2025-01-01/2025-12-31,KEYWORD_DISCRIMINATION,,0,0,0,0,N/A,N/A,N/A,0,N/A,N/A,N/A,N/A,N/A,N/A,N/A,0,,,,,,,,,,,,,,,,
All,"Vimeo.com, Inc.",2025-01-01/2025-12-31,KEYWORD_HATE_SPEECH,,200,2,149,0,N/A,N/A,N/A,0,N/A,N/A,N/A,N/A,N/A,N/A,N/A,49,,,,,,,,,,,,,,,,
All,"Vimeo.com, Inc.",2025-01-01/2025-12-31,KEYWORD_OTHER,"Text to detail the ""Other"" keyword.",0,0,0,0,N/A,N/A,N/A,0,N/A,N/A,N/A,N/A,N/A,N/A,N/A,0,,,,,,,,,,,,,,,,
All,"Vimeo.com, Inc.",2025-01-01/2025-12-31,STATEMENT_CATEGORY_INTELLECTUAL_PROPERTY_INFRINGEMENTS,,18244,193,15120,0,N/A,N/A,N/A,0,N/A,N/A,N/A,N/A,N/A,N/A,N/A,2931,,,,,,,,,,,,,,,,
All,"Vimeo.com, Inc.",2025-01-01/2025-12-31,KEYWORD_COPYRIGHT_INFRINGEMENT,,18244,193,15120,0,N/A,N/A,N/A,0,N/A,N/A,N/A,N/A,N/A,N/A,N/A,2931,,,"The year-over-year decrease in IP infringement enforcement actions is primarily related to changes in Vimeo’s EU copyright enforcement framework.  It was updated to align Vimeo’s processes more closely with applicable requirements in the EU. As part of this transition, the company moved away from broad detection signals in favor of a more notice-driven and targeted approach. This change reduced the volume of automated flags while maintaining effective mechanisms for addressing verified infringement.",,,,,,,,,,,,,
All,"Vimeo.com, Inc.",2025-01-01/2025-12-31,KEYWORD_DESIGN_INFRINGEMENT,,0,0,0,0,N/A,N/A,N/A,0,N/A,N/A,N/A,N/A,N/A,N/A,N/A,0,,,,,,,,,,,,,,,,
All,"Vimeo.com, Inc.",2025-01-01/2025-12-31,KEYWORD_GEOGRAPHIC_INDICATIONS_INFRINGEMENT,,0,0,0,0,N/A,N/A,N/A,0,N/A,N/A,N/A,N/A,N/A,N/A,N/A,0,,,,,,,,,,,,,,,,
All,"Vimeo.com, Inc.",2025-01-01/2025-12-31,KEYWORD_PATENT_INFRINGEMENT,,0,0,0,0,N/A,N/A,N/A,0,N/A,N/A,N/A,N/A,N/A,N/A,N/A,0,,,,,,,,,,,,,,,,
All,"Vimeo.com, Inc.",2025-01-01/2025-12-31,KEYWORD_TRADE_SECRET_INFRINGEMENT,,0,0,0,0,N/A,N/A,N/A,0,N/A,N/A,N/A,N/A,N/A,N/A,N/A,0,,,,,,,,,,,,,,,,
All,"Vimeo.com, Inc.",2025-01-01/2025-12-31,KEYWORD_TRADEMARK_INFRINGEMENT,,0,0,0,0,N/A,N/A,N/A,0,N/A,N/A,N/A,N/A,N/A,N/A,N/A,0,,,,,,,,,,,,,,,,
All,"Vimeo.com, Inc.",2025-01-01/2025-12-31,KEYWORD_OTHER,"Text to detail the ""Other"" keyword.",0,0,0,0,N/A,N/A,N/A,0,N/A,N/A,N/A,N/A,N/A,N/A,N/A,0,,,,,,,,,,,,,,,,
All,"Vimeo.com, Inc.",2025-01-01/2025-12-31,STATEMENT_CATEGORY_NEGATIVE_EFFECTS_ON_CIVIC_DISCOURSE_OR_ELECTIONS,,105,0,94,0,N/A,N/A,N/A,0,N/A,N/A,N/A,N/A,N/A,N/A,N/A,11,,,,,,,,,,,,,,,,
All,"Vimeo.com, Inc.",2025-01-01/2025-12-31,KEYWORD_MISINFORMATION_DISINFORMATION,,105,0,94,0,N/A,N/A,N/A,0,N/A,N/A,N/A,N/A,N/A,N/A,N/A,11,,,,,,,,,,,,,,,,
All,"Vimeo.com, Inc.",2025-01-01/2025-12-31,KEYWORD_VIOLATION_EU_LAW,,0,0,0,0,N/A,N/A,N/A,0,N/A,N/A,N/A,N/A,N/A,N/A,N/A,0,,,,,,,,,,,,,,,,
All,"Vimeo.com, Inc.",2025-01-01/2025-12-31,KEYWORD_VIOLATION_NATIONAL_LAW,,0,0,0,0,N/A,N/A,N/A,0,N/A,N/A,N/A,N/A,N/A,N/A,N/A,0,,,,,,,,,,,,,,,,
All,"Vimeo.com, Inc.",2025-01-01/2025-12-31,KEYWORD_OTHER,"Text to detail the ""Other"" keyword.",0,0,0,0,N/A,N/A,N/A,0,N/A,N/A,N/A,N/A,N/A,N/A,N/A,0,,,,,,,,,,,,,,,,
All,"Vimeo.com, Inc.",2025-01-01/2025-12-31,STATEMENT_CATEGORY_PROTECTION_OF_MINORS,,678,0,298,0,N/A,N/A,N/A,0,N/A,N/A,N/A,N/A,N/A,N/A,N/A,380,,,,,,,,,,,,,,,,
All,"Vimeo.com, Inc.",2025-01-01/2025-12-31,KEYWORD_AGE_SPECIFIC_RESTRICTIONS_MINORS,,0,0,0,0,N/A,N/A,N/A,0,N/A,N/A,N/A,N/A,N/A,N/A,N/A,0,,,,,,,,,,,,,,,,
All,"Vimeo.com, Inc.",2025-01-01/2025-12-31,KEYWORD_CHILD_SEXUAL_ABUSE_MATERIAL,,0,0,0,0,N/A,N/A,N/A,0,N/A,N/A,N/A,N/A,N/A,N/A,N/A,0,,,,,,,,,,,,,,,,
All,"Vimeo.com, Inc.",2025-01-01/2025-12-31,KEYWORD_CHILD_SEXUAL_ABUSE_MATERIAL_DEEPFAKE,,0,0,0,0,N/A,N/A,N/A,0,N/A,N/A,N/A,N/A,N/A,N/A,N/A,0,,,,,,,,,,,,,,,,
All,"Vimeo.com, Inc.",2025-01-01/2025-12-31,KEYWORD_GROOMING_SEXUAL_ENTICEMENT_MINORS,,0,0,0,0,N/A,N/A,N/A,0,N/A,N/A,N/A,N/A,N/A,N/A,N/A,0,,,,,,,,,,,,,,,,
All,"Vimeo.com, Inc.",2025-01-01/2025-12-31,KEYWORD_UNSAFE_CHALLENGES,,4,0,2,0,N/A,N/A,N/A,0,N/A,N/A,N/A,N/A,N/A,N/A,N/A,2,,,,,,,,,,,,,,,,
All,"Vimeo.com, Inc.",2025-01-01/2025-12-31,KEYWORD_OTHER,"The ""Other"" category includes content depicting child nudity that violates our safety standards but does not meet the specific thresholds of other legal subcategories. Additionally, this category includes material involving minors that presents a potential risk of harm but falls outside the definitions provided in the other subcategories.",674,0,296,0,N/A,N/A,N/A,0,N/A,N/A,N/A,N/A,N/A,N/A,N/A,378,"The year-over-year increase in ""Own Initiative"" measures for the Protection of Minors is primarily driven by a comprehensive update to our child nudity policy and the implementation of enhanced proactive scanning for potential sexual material. By refining our safety standards to encompass a broader range of protective criteria and deploying investigation measures, we have significantly improved our ability to identify and mitigate risks to minors at scale. This proactive posture ensures that a higher volume of potentially harmful content is flagged and removed through internal detection.",,,,,,,,,,,,,,,
All,"Vimeo.com, Inc.",2025-01-01/2025-12-31,STATEMENT_CATEGORY_RISK_FOR_PUBLIC_SECURITY,,83,0,78,0,N/A,N/A,N/A,0,N/A,N/A,N/A,N/A,N/A,N/A,N/A,5,,,,,,,,,,,,,,,,
All,"Vimeo.com, Inc.",2025-01-01/2025-12-31,KEYWORD_ILLEGAL_ORGANIZATIONS,,0,0,0,0,N/A,N/A,N/A,0,N/A,N/A,N/A,N/A,N/A,N/A,N/A,0,,,,,,,,,,,,,,,,
All,"Vimeo.com, Inc.",2025-01-01/2025-12-31,KEYWORD_RISK_ENVIRONMENTAL_DAMAGE,,0,0,0,0,N/A,N/A,N/A,0,N/A,N/A,N/A,N/A,N/A,N/A,N/A,0,,,,,,,,,,,,,,,,
All,"Vimeo.com, Inc.",2025-01-01/2025-12-31,KEYWORD_RISK_PUBLIC_HEALTH,,83,0,78,0,N/A,N/A,N/A,0,N/A,N/A,N/A,N/A,N/A,N/A,N/A,5,,,,,,,,,,,,,,,,
All,"Vimeo.com, Inc.",2025-01-01/2025-12-31,KEYWORD_TERRORIST_CONTENT,,0,0,0,0,N/A,N/A,N/A,0,N/A,N/A,N/A,N/A,N/A,N/A,N/A,0,,,,,,,,,,,,,,,,
All,"Vimeo.com, Inc.",2025-01-01/2025-12-31,KEYWORD_OTHER,"Text to detail the ""Other"" keyword.",0,0,0,0,N/A,N/A,N/A,0,N/A,N/A,N/A,N/A,N/A,N/A,N/A,0,,,,,,,,,,,,,,,,
All,"Vimeo.com, Inc.",2025-01-01/2025-12-31,STATEMENT_CATEGORY_SCAMS_AND_FRAUD,,3244,7,328,0,N/A,N/A,N/A,0,N/A,N/A,N/A,N/A,N/A,N/A,N/A,2909,,,,,,,,,,,,,,,,
All,"Vimeo.com, Inc.",2025-01-01/2025-12-31,KEYWORD_IMPERSONATION_ACCOUNT_HIJACKING,,0,0,0,0,N/A,N/A,N/A,0,N/A,N/A,N/A,N/A,N/A,N/A,N/A,0,,,,,,,,,,,,,,,,
All,"Vimeo.com, Inc.",2025-01-01/2025-12-31,KEYWORD_INAUTHENTIC_ACCOUNTS,,1904,0,193,0,N/A,N/A,N/A,0,N/A,N/A,N/A,N/A,N/A,N/A,N/A,1711,,,,,,,,,,,,,,,,
All,"Vimeo.com, Inc.",2025-01-01/2025-12-31,KEYWORD_INAUTHENTIC_LISTINGS,,96,0,63,0,N/A,N/A,N/A,0,N/A,N/A,N/A,N/A,N/A,N/A,N/A,33,,,,,,,,,,,,,,,,
All,"Vimeo.com, Inc.",2025-01-01/2025-12-31,KEYWORD_INAUTHENTIC_USER_REVIEWS,,0,0,0,0,N/A,N/A,N/A,0,N/A,N/A,N/A,N/A,N/A,N/A,N/A,0,,,,,,,,,,,,,,,,
All,"Vimeo.com, Inc.",2025-01-01/2025-12-31,KEYWORD_PHISHING,,0,0,0,0,N/A,N/A,N/A,0,N/A,N/A,N/A,N/A,N/A,N/A,N/A,0,,,,,,,,,,,,,,,,
All,"Vimeo.com, Inc.",2025-01-01/2025-12-31,KEYWORD_PYRAMID_SCHEMES,,0,0,0,0,N/A,N/A,N/A,0,N/A,N/A,N/A,N/A,N/A,N/A,N/A,0,,,,,,,,,,,,,,,,
All,"Vimeo.com, Inc.",2025-01-01/2025-12-31,KEYWORD_OTHER,"The ""Other"" category identifies malicious spam (malspam), consisting of unsolicited bulk content designed to distribute malware, compromise user credentials, or facilitate fraudulent activity. This classification covers automated or deceptive material that threatens system security and user integrity but falls outside the report's primary pre-defined sub-categories.",1244,7,72,0,N/A,N/A,N/A,0,N/A,N/A,N/A,N/A,N/A,N/A,N/A,1165,,,,,,,,,,,,,,,,
All,"Vimeo.com, Inc.",2025-01-01/2025-12-31,STATEMENT_CATEGORY_SELF_HARM,,21,0,19,0,N/A,N/A,N/A,0,N/A,N/A,N/A,N/A,N/A,N/A,N/A,2,,,,,,,,,,,,,,,,
All,"Vimeo.com, Inc.",2025-01-01/2025-12-31,KEYWORD_CONTENT_PROMOTING_EATING_DISORDERS,,0,0,0,0,N/A,N/A,N/A,0,N/A,N/A,N/A,N/A,N/A,N/A,N/A,0,,,,,,,,,,,,,,,,
All,"Vimeo.com, Inc.",2025-01-01/2025-12-31,KEYWORD_SELF_MUTILATION,This category also captures content that depicts or promotes self-harm. This classification is used for material that violates our safety policies regarding self-injurious behavior but falls outside the above specific pre-defined categories.,8,0,7,0,N/A,N/A,N/A,0,N/A,N/A,N/A,N/A,N/A,N/A,N/A,1,,,,,,,,,,,,,,,,
All,"Vimeo.com, Inc.",2025-01-01/2025-12-31,KEYWORD_SUICIDE,,13,0,12,0,N/A,N/A,N/A,0,N/A,N/A,N/A,N/A,N/A,N/A,N/A,1,,,,,,,,,,,,,,,,
All,"Vimeo.com, Inc.",2025-01-01/2025-12-31,KEYWORD_OTHER,"Text to detail the ""Other"" keyword.",0,0,0,0,N/A,N/A,N/A,0,N/A,N/A,N/A,N/A,N/A,N/A,N/A,0,,,,,,,,,,,,,,,,
All,"Vimeo.com, Inc.",2025-01-01/2025-12-31,STATEMENT_CATEGORY_UNSAFE_AND_PROHIBITED_PRODUCTS,,112,1,75,0,N/A,N/A,N/A,0,N/A,N/A,N/A,N/A,N/A,N/A,N/A,36,,,,,,,,,,,,,,,,
All,"Vimeo.com, Inc.",2025-01-01/2025-12-31,KEYWORD_PROHIBITED_PRODUCTS,,112,1,75,0,N/A,N/A,N/A,0,N/A,N/A,N/A,N/A,N/A,N/A,N/A,36,,,,,,,,,,,,,,,,
All,"Vimeo.com, Inc.",2025-01-01/2025-12-31,KEYWORD_UNSAFE_PRODUCTS,,0,0,0,0,N/A,N/A,N/A,0,N/A,N/A,N/A,N/A,N/A,N/A,N/A,0,,,,,,,,,,,,,,,,
All,"Vimeo.com, Inc.",2025-01-01/2025-12-31,KEYWORD_OTHER,"Text to detail the ""Other"" keyword.",0,0,0,0,N/A,N/A,N/A,0,N/A,N/A,N/A,N/A,N/A,N/A,N/A,0,,,,,,,,,,,,,,,,
All,"Vimeo.com, Inc.",2025-01-01/2025-12-31,STATEMENT_CATEGORY_VIOLENCE,,106,0,88,0,N/A,N/A,N/A,0,N/A,N/A,N/A,N/A,N/A,N/A,N/A,18,,,,,,,,,,,,,,,,
All,"Vimeo.com, Inc.",2025-01-01/2025-12-31,KEYWORD_COORDINATED_HARM,,0,0,0,0,N/A,N/A,N/A,0,N/A,N/A,N/A,N/A,N/A,N/A,N/A,0,,,,,,,,,,,,,,,,
All,"Vimeo.com, Inc.",2025-01-01/2025-12-31,KEYWORD_INCITEMENT_VIOLENCE_HATRED,,106,0,88,0,N/A,N/A,N/A,0,N/A,N/A,N/A,N/A,N/A,N/A,N/A,18,,,,,,,,,,,,,,,,
All,"Vimeo.com, Inc.",2025-01-01/2025-12-31,KEYWORD_HUMAN_EXPLOITATION,,0,0,0,0,N/A,N/A,N/A,0,N/A,N/A,N/A,N/A,N/A,N/A,N/A,0,,,,,,,,,,,,,,,,
All,"Vimeo.com, Inc.",2025-01-01/2025-12-31,KEYWORD_HUMAN_TRAFFICKING,,0,0,0,0,N/A,N/A,N/A,0,N/A,N/A,N/A,N/A,N/A,N/A,N/A,0,,,,,,,,,,,,,,,,
All,"Vimeo.com, Inc.",2025-01-01/2025-12-31,KEYWORD_TRAFFICKING_WOMEN_GIRLS,,0,0,0,0,N/A,N/A,N/A,0,N/A,N/A,N/A,N/A,N/A,N/A,N/A,0,,,,,,,,,,,,,,,,
All,"Vimeo.com, Inc.",2025-01-01/2025-12-31,KEYWORD_OTHER,"Text to detail the ""Other"" keyword.",0,0,0,0,N/A,N/A,N/A,0,N/A,N/A,N/A,N/A,N/A,N/A,N/A,0,,,,,,,,,,,,,,,,
All,"Vimeo.com, Inc.",2025-01-01/2025-12-31,STATEMENT_CATEGORY_OTHER_VIOLATION_TC,,126460,19876,30677,7,N/A,N/A,N/A,5797,N/A,N/A,N/A,N/A,N/A,N/A,N/A,70103,"The year-over-year decrease in measures categorized under ""Other Violation of Terms and Conditions"" is, in part, a result of the ongoing refinement of our data mapping protocols. As our internal reporting systems align more precisely with specific DSA categories and subcategories, enforcement actions that were previously captured in this general category are now being accurately mapped to more granular and descriptive classifications. This shift reflects an improved data architecture designed to provide a clearer representation of our moderation efforts rather than a reduction in overall enforcement volume.",,,,,,,,,,,,,,,
All,"Vimeo.com, Inc.",2025-01-01/2025-12-31,KEYWORD_ADULT_SEXUAL_MATERIAL,,24749,363,21549,0,N/A,N/A,N/A,0,N/A,N/A,N/A,N/A,N/A,N/A,N/A,2837,,,,,,,,,,,,,,,,
All,"Vimeo.com, Inc.",2025-01-01/2025-12-31,KEYWORD_AGE_SPECIFIC_RESTRICTIONS,,5851,0,5,0,N/A,N/A,N/A,5797,N/A,N/A,N/A,N/A,N/A,N/A,N/A,49,,,,,,,,,,,,,,,,
All,"Vimeo.com, Inc.",2025-01-01/2025-12-31,KEYWORD_GEOGRAPHICAL_REQUIREMENTS,,0,0,0,0,N/A,N/A,N/A,0,N/A,N/A,N/A,N/A,N/A,N/A,N/A,0,,,,,,,,,,,,,,,,
All,"Vimeo.com, Inc.",2025-01-01/2025-12-31,KEYWORD_GOODS_SERVICES_NOT_PERMITTED,,80363,8710,5197,0,N/A,N/A,N/A,0,N/A,N/A,N/A,N/A,N/A,N/A,N/A,66456,,,,,,,,,,,,,,,,
All,"Vimeo.com, Inc.",2025-01-01/2025-12-31,KEYWORD_LANGUAGE_REQUIREMENTS,,0,0,0,0,N/A,N/A,N/A,0,N/A,N/A,N/A,N/A,N/A,N/A,N/A,0,,,,,,,,,,,,,,,,
All,"Vimeo.com, Inc.",2025-01-01/2025-12-31,KEYWORD_NUDITY,,0,0,0,0,N/A,N/A,N/A,0,N/A,N/A,N/A,N/A,N/A,N/A,N/A,0,,,,,,,,,,,,,,,,
All,"Vimeo.com, Inc.",2025-01-01/2025-12-31,KEYWORD_OTHER,"The ""Other” category captures a diverse range of enforcement actions related to technical, administrative, and content-based breaches of our service agreement. This classification includes content-specific violations such as extreme gore or inappropriate profile avatars, as well as technical and operational breaches including excessive bandwidth consumption, the use of invalid email credentials, and general administrative non-compliance such as repetitive misuse of services.",15497,10803,3926,7,N/A,N/A,N/A,0,N/A,N/A,N/A,N/A,N/A,N/A,N/A,761,,,,,,,,,,,,,,,,
