Applicability,Service,Reporting period,Category of illegal content,"Description of the sub-category ""Other""",Number of measures taken at the provider's own initiative ,Number of measures taken after detection with solely automated means ,Visibility restriction Removal,Visibility restriction Disable,Visibility restriction Demoted,Visibility restriction Age restricted,Visibility restriction Interaction restricted,Visibility restriction Labelled ,Visibility restriction Other,Monetary restriction Suspension,Monetary restriction Termination,Monetary restriction Other,Provision of the service Suspension,Provision of the service Termination,Account restriction Suspension,Account restriction Termination,Contextual Information on Number of measures taken at the provider's own initiative ,Contextual Information on Number of measures taken after detection with solely automated means ,Contextual Information on Visibility restriction Removal,Contextual Information on Visibility restriction Disable,Contextual Information on Visibility restriction Demoted,Contextual Information on Visibility restriction Age restricted,Contextual Information on Visibility restriction Interaction restricted,Contextual Information on Visibility restriction Labelled ,Contextual Information on Visibility restriction Other,Contextual Information on Monetary restriction Suspension,Contextual Information on Monetary restriction Termination,Contextual Information on Monetary restriction Other,Contextual Information on Provision of the service Suspension,Contextual Information on Provision of the service Termination,Contextual Information on Account restriction Suspension,Contextual Information on Account restriction Termination
All,Instagram,2026-01-01/2026-06-30,TOTAL,,"788,143","782,748",,"785,611",,,,,"2,532",,,,,,,,The data provided does not cover content moderation outcomes for French Guiana and Åland Islands due to a technical limitation.,,,“Disable” refers to an action that we may take to block the visibility of content in the jurisdiction(s) where the content is likely illegal. Additional information can be found in our Transparency Center.,,,,,"In certain instances we disable visibility of content produced by user managed entities (e.g., profile, group, or page).",,,,,,,
All,Instagram,2026-01-01/2026-06-30,STATEMENT_CATEGORY_ANIMAL_WELFARE,,0,0,,0,,,,,0,,,,,,,,,,,,,,,,,,,,,,,
All,Instagram,2026-01-01/2026-06-30,KEYWORD_ANIMAL_HARM,,0,0,,0,,,,,0,,,,,,,,,,,,,,,,,,,,,,,
All,Instagram,2026-01-01/2026-06-30,KEYWORD_UNLAWFUL_SALE_ANIMALS,,0,0,,0,,,,,0,,,,,,,,,,,,,,,,,,,,,,,
All,Instagram,2026-01-01/2026-06-30,STATEMENT_CATEGORY_CONSUMER_INFORMATION,,0,0,,0,,,,,0,,,,,,,,,,,,,,,,,,,,,,,
All,Instagram,2026-01-01/2026-06-30,KEYWORD_HIDDEN_ADVERTISEMENT,,0,0,,0,,,,,0,,,,,,,,,,,,,,,,,,,,,,,
All,Instagram,2026-01-01/2026-06-30,KEYWORD_INSUFFICIENT_INFORMATION_ON_TRADERS,,0,0,,0,,,,,0,,,,,,,,,,,,,,,,,,,,,,,
All,Instagram,2026-01-01/2026-06-30,KEYWORD_MISLEADING_INFO_GOODS_SERVICES,,0,0,,0,,,,,0,,,,,,,,,,,,,,,,,,,,,,,
All,Instagram,2026-01-01/2026-06-30,KEYWORD_MISLEADING_INFO_CONSUMER_RIGHTS,,0,0,,0,,,,,0,,,,,,,,,,,,,,,,,,,,,,,
All,Instagram,2026-01-01/2026-06-30,KEYWORD_NONCOMPLIANCE_PRICING,,0,0,,0,,,,,0,,,,,,,,,,,,,,,,,,,,,,,
All,Instagram,2026-01-01/2026-06-30,KEYWORD_OTHER_ADVERTISING,This row was added for use in other parts of our report. We have included it here for consistency across the report.,0,0,,0,,,,,0,,,,,,,,,,,,,,,,,,,,,,,
All,Instagram,2026-01-01/2026-06-30,KEYWORD_OTHER_DISCRIMINATORY_PRACTICES,This row was added for use in other parts of our report. We have included it here for consistency across the report.,0,0,,0,,,,,0,,,,,,,,,,,,,,,,,,,,,,,
All,Instagram,2026-01-01/2026-06-30,KEYWORD_OTHER_LEAD_ADS,Added category to capture own initiative actions taken against our product and format-specific policies pertaining to lead ads,0,0,,0,,,,,0,,,,,,,,,,,,,,,,,,,,,,,
All,Instagram,2026-01-01/2026-06-30,KEYWORD_OTHER_CRYPTOCURRENCY,Added category to capture own initiative actions taken against our Advertising Standards on cryptocurrency products and services ,0,0,,0,,,,,0,,,,,,,,,,,,,,,,,,,,,,,
All,Instagram,2026-01-01/2026-06-30,KEYWORD_OTHER_PAYER_BENEFICIARY,This row was added for use in other parts of our report. We have included it here for consistency across the report.,0,0,,0,,,,,0,,,,,,,,,,,,,,,,,,,,,,,
All,Instagram,2026-01-01/2026-06-30,KEYWORD_OTHER_CONSUMER_INFRINGEMENTS,Added category to capture own initiative actions in the consumer information infringements category.,0,0,,0,,,,,0,,,,,,,,,,,,,,,,,,,,,,,
All,Instagram,2026-01-01/2026-06-30,STATEMENT_CATEGORY_CYBER_VIOLENCE,,13,0,,13,,,,,0,,,,,,,,,,,,,,,,,,,,,,,
All,Instagram,2026-01-01/2026-06-30,KEYWORD_CYBER_BULLYING_INTIMIDATION,,1,0,,1,,,,,0,,,,,,,,,,,,,,,,,,,,,,,
All,Instagram,2026-01-01/2026-06-30,KEYWORD_CYBER_HARASSMENT,Category is inclusive of own initiative actions related to bullying and harassment.,0,0,,0,,,,,0,,,,,,,,,,,,,,,,,,,,,,,
All,Instagram,2026-01-01/2026-06-30,KEYWORD_CYBER_INCITEMENT,,12,0,,12,,,,,0,,,,,,,,,,,,,,,,,,,,,,,
All,Instagram,2026-01-01/2026-06-30,KEYWORD_CYBER_STALKING,,0,0,,0,,,,,0,,,,,,,,,,,,,,,,,,,,,,,
All,Instagram,2026-01-01/2026-06-30,KEYWORD_NON_CONSENSUAL_IMAGE_SHARING,,0,0,,0,,,,,0,,,,,,,,,,,,,,,,,,,,,,,
All,Instagram,2026-01-01/2026-06-30,KEYWORD_NON_CONSENSUAL_MATERIAL_DEEPFAKE,,0,0,,0,,,,,0,,,,,,,,,,,,,,,,,,,,,,,
All,Instagram,2026-01-01/2026-06-30,STATEMENT_CATEGORY_CYBER_VIOLENCE_AGAINST_WOMEN,,0,0,,0,,,,,0,,,,,,,,,,,,,,,,,,,,,,,
All,Instagram,2026-01-01/2026-06-30,KEYWORD_BULLYING_AGAINST_GIRLS,,0,0,,0,,,,,0,,,,,,,,,,,,,,,,,,,,,,,
All,Instagram,2026-01-01/2026-06-30,KEYWORD_CYBER_HARASSMENT_AGAINST_WOMEN,,0,0,,0,,,,,0,,,,,,,,,,,,,,,,,,,,,,,
All,Instagram,2026-01-01/2026-06-30,KEYWORD_CYBER_STALKING_AGAINST_WOMEN,,0,0,,0,,,,,0,,,,,,,,,,,,,,,,,,,,,,,
All,Instagram,2026-01-01/2026-06-30,KEYWORD_FEMALE_GENDERED_DISINFORMATION,,0,0,,0,,,,,0,,,,,,,,,,,,,,,,,,,,,,,
All,Instagram,2026-01-01/2026-06-30,KEYWORD_INCITEMENT_AGAINST_WOMEN,,0,0,,0,,,,,0,,,,,,,,,,,,,,,,,,,,,,,
All,Instagram,2026-01-01/2026-06-30,KEYWORD_NON_CONSENSUAL_IMAGE_SHARING_AGAINST_WOMEN,,0,0,,0,,,,,0,,,,,,,,,,,,,,,,,,,,,,,
All,Instagram,2026-01-01/2026-06-30,KEYWORD_NON_CONSENSUAL_MATERIAL_DEEPFAKE_AGAINST_WOMEN,,0,0,,0,,,,,0,,,,,,,,,,,,,,,,,,,,,,,
All,Instagram,2026-01-01/2026-06-30,STATEMENT_CATEGORY_DATA_PROTECTION_AND_PRIVACY_VIOLATIONS,,17,0,,17,,,,,0,,,,,,,,,,,,,,,,,,,,,,,
All,Instagram,2026-01-01/2026-06-30,KEYWORD_BIOMETRIC_DATA_BREACH,,0,0,,0,,,,,0,,,,,,,,,,,,,,,,,,,,,,,
All,Instagram,2026-01-01/2026-06-30,KEYWORD_DATA_FALSIFICATION,,0,0,,0,,,,,0,,,,,,,,,,,,,,,,,,,,,,,
All,Instagram,2026-01-01/2026-06-30,KEYWORD_MISSING_PROCESSING_GROUND,,0,0,,0,,,,,0,,,,,,,,,,,,,,,,,,,,,,,
All,Instagram,2026-01-01/2026-06-30,KEYWORD_RIGHT_TO_BE_FORGOTTEN,,0,0,,0,,,,,0,,,,,,,,,,,,,,,,,,,,,,,
All,Instagram,2026-01-01/2026-06-30,KEYWORD_OTHER_PRIVACY,Added category to record own initiative actions taken against our Community Standards on privacy violations ,17,0,,17,,,,,0,,,,,,,,,,,,,,,,,,,,,,,
All,Instagram,2026-01-01/2026-06-30,KEYWORD_OTHER_DATA_PROTECTION,This row was added for use in other parts of our report. We have included it here for consistency across the report.,0,0,,0,,,,,0,,,,,,,,,,,,,,,,,,,,,,,
All,Instagram,2026-01-01/2026-06-30,STATEMENT_CATEGORY_ILLEGAL_OR_HARMFUL_SPEECH,,"12,994","12,186",,"12,884",,,,,110,,,,,,,,,,,,,,,,,,,,,,,
All,Instagram,2026-01-01/2026-06-30,KEYWORD_DEFAMATION,,107,0,,106,,,,,1,,,,,,,,,,,,,,,,,,,,,,,
All,Instagram,2026-01-01/2026-06-30,KEYWORD_DISCRIMINATION,,0,0,,0,,,,,0,,,,,,,,,,,,,,,,,,,,,,,
All,Instagram,2026-01-01/2026-06-30,KEYWORD_HATE_SPEECH,,57,0,,47,,,,,10,,,,,,,,,,,,,,,,,,,,,,,
All,Instagram,2026-01-01/2026-06-30,KEYWORD_OTHER_PROFANITY,Added category to capture own initiative actions taken against our Advertising Standards on profanity ,0,0,,0,,,,,0,,,,,,,,,,,,,,,,,,,,,,,
All,Instagram,2026-01-01/2026-06-30,KEYWORD_OTHER_ILLEGALITY,Added category to record own initiative actions taken against likely locally illegal harmful speech.,"12,830","12,186",,"12,731",,,,,99,,,,,,,,,,,,,,,,,,,,,,,
All,Instagram,2026-01-01/2026-06-30,STATEMENT_CATEGORY_INTELLECTUAL_PROPERTY_INFRINGEMENTS,,0,0,,0,,,,,0,,,,,,,,,,,,,,,,,,,,,,,
All,Instagram,2026-01-01/2026-06-30,KEYWORD_COPYRIGHT_INFRINGEMENT,,0,0,,0,,,,,0,,,,,,,,,,,,,,,,,,,,,,,
All,Instagram,2026-01-01/2026-06-30,KEYWORD_DESIGN_INFRINGEMENT,,0,0,,0,,,,,0,,,,,,,,,,,,,,,,,,,,,,,
All,Instagram,2026-01-01/2026-06-30,KEYWORD_GEOGRAPHIC_INDICATIONS_INFRINGEMENT,,0,0,,0,,,,,0,,,,,,,,,,,,,,,,,,,,,,,
All,Instagram,2026-01-01/2026-06-30,KEYWORD_PATENT_INFRINGEMENT,,0,0,,0,,,,,0,,,,,,,,,,,,,,,,,,,,,,,
All,Instagram,2026-01-01/2026-06-30,KEYWORD_TRADE_SECRET_INFRINGEMENT,,0,0,,0,,,,,0,,,,,,,,,,,,,,,,,,,,,,,
All,Instagram,2026-01-01/2026-06-30,KEYWORD_TRADEMARK_INFRINGEMENT,,0,0,,0,,,,,0,,,,,,,,,,,,,,,,,,,,,,,
All,Instagram,2026-01-01/2026-06-30,KEYWORD_OTHER_INTELLECTUAL_PROPERTY_INFRINGEMENTS_THIRD_PARTY_VIOLATION_OR_DATA_VIOLATION,Added category to capture instances where actions are taken against our Community Standards on third-party intellectual property ,0,0,,0,,,,,0,,,,,,,,,,,,,,,,,,,,,,,
All,Instagram,2026-01-01/2026-06-30,STATEMENT_CATEGORY_NEGATIVE_EFFECTS_ON_CIVIC_DISCOURSE_OR_ELECTIONS,,9,0,,7,,,,,2,,,,,,,,,,,,,,,,,,,,,,,
All,Instagram,2026-01-01/2026-06-30,KEYWORD_MISINFORMATION_DISINFORMATION,,5,0,,5,,,,,0,,,,,,,,,,,,,,,,,,,,,,,
All,Instagram,2026-01-01/2026-06-30,KEYWORD_VIOLATION_EU_LAW,,0,0,,0,,,,,0,,,,,,,,,,,,,,,,,,,,,,,
All,Instagram,2026-01-01/2026-06-30,KEYWORD_VIOLATION_NATIONAL_LAW,,4,0,,2,,,,,2,,,,,,,,,,,,,,,,,,,,,,,
All,Instagram,2026-01-01/2026-06-30,KEYWORD_OTHER_POLITICAL_ADVERTISING,"Added category to record own initiative actions taken against our Advertising Standards on ads about social issues, elections or politics ",0,0,,0,,,,,0,,,,,,,,,,,,,,,,,,,,,,,
All,Instagram,2026-01-01/2026-06-30,KEYWORD_OTHER_INELIGIBLE_USER,Added category to capture own initiative actions taken against our monetization rules for politicians and governments ,0,0,,0,,,,,0,,,,,,,,,,,,,,,,,,,,,,,
All,Instagram,2026-01-01/2026-06-30,KEYWORD_OTHER_CIVIC_DISCOURSE,Added category to capture own initiative actions taken against our Content Monetization Policies on debated social issues ,0,0,,0,,,,,0,,,,,,,,,,,,,,,,,,,,,,,
All,Instagram,2026-01-01/2026-06-30,STATEMENT_CATEGORY_PROTECTION_OF_MINORS,,0,0,,0,,,,,0,,,,,,,,,,,,,,,,,,,,,,,
All,Instagram,2026-01-01/2026-06-30,KEYWORD_AGE_SPECIFIC_RESTRICTIONS_MINORS,,0,0,,0,,,,,0,,,,,,,,,,,,,,,,,,,,,,,
All,Instagram,2026-01-01/2026-06-30,KEYWORD_CHILD_SEXUAL_ABUSE_MATERIAL,,0,0,,0,,,,,0,,,,,,,,,,,,,,,,,,,,,,,
All,Instagram,2026-01-01/2026-06-30,KEYWORD_CHILD_SEXUAL_ABUSE_MATERIAL_DEEPFAKE,,0,0,,0,,,,,0,,,,,,,,,,,,,,,,,,,,,,,
All,Instagram,2026-01-01/2026-06-30,KEYWORD_GROOMING_SEXUAL_ENTICEMENT_MINORS,,0,0,,0,,,,,0,,,,,,,,,,,,,,,,,,,,,,,
All,Instagram,2026-01-01/2026-06-30,KEYWORD_UNSAFE_CHALLENGES,,0,0,,0,,,,,0,,,,,,,,,,,,,,,,,,,,,,,
All,Instagram,2026-01-01/2026-06-30,STATEMENT_CATEGORY_RISK_FOR_PUBLIC_SECURITY,,31,0,,17,,,,,14,,,,,,,,,,,,,,,,,,,,,,,
All,Instagram,2026-01-01/2026-06-30,KEYWORD_ILLEGAL_ORGANIZATIONS,,8,0,,4,,,,,4,,,,,,,,,,,,,,,,,,,,,,,
All,Instagram,2026-01-01/2026-06-30,KEYWORD_RISK_ENVIRONMENTAL_DAMAGE,,0,0,,0,,,,,0,,,,,,,,,,,,,,,,,,,,,,,
All,Instagram,2026-01-01/2026-06-30,KEYWORD_RISK_PUBLIC_HEALTH,,0,0,,0,,,,,0,,,,,,,,,,,,,,,,,,,,,,,
All,Instagram,2026-01-01/2026-06-30,KEYWORD_TERRORIST_CONTENT,,0,0,,0,,,,,0,,,,,,,,,,,,,,,,,,,,,,,
All,Instagram,2026-01-01/2026-06-30,KEYWORD_OTHER_FUGITIVE,This row was added for use in other parts of our report. We have included it here for consistency across the report.,0,0,,0,,,,,0,,,,,,,,,,,,,,,,,,,,,,,
All,Instagram,2026-01-01/2026-06-30,KEYWORD_OTHER_TRESPASS_PROPERTY_AND_ENVIRONMENTAL_DAMAGE,This row was added for use in other parts of our report. We have included it here for consistency across the report.,0,0,,0,,,,,0,,,,,,,,,,,,,,,,,,,,,,,
All,Instagram,2026-01-01/2026-06-30,KEYWORD_OTHER_PUBLIC_SECURITY,Added category to record own initiative actions taken against likely locally illegal public security risks.,23,0,,13,,,,,10,,,,,,,,,,,,,,,,,,,,,,,
All,Instagram,2026-01-01/2026-06-30,STATEMENT_CATEGORY_SCAMS_AND_FRAUD,,"3,557","1,634",,"3,359",,,,,198,,,,,,,,,,,,,,,,,,,,,,,
All,Instagram,2026-01-01/2026-06-30,KEYWORD_IMPERSONATION_ACCOUNT_HIJACKING,,0,0,,0,,,,,0,,,,,,,,,,,,,,,,,,,,,,,
All,Instagram,2026-01-01/2026-06-30,KEYWORD_INAUTHENTIC_ACCOUNTS,,0,0,,0,,,,,0,,,,,,,,,,,,,,,,,,,,,,,
All,Instagram,2026-01-01/2026-06-30,KEYWORD_INAUTHENTIC_LISTINGS,,0,0,,0,,,,,0,,,,,,,,,,,,,,,,,,,,,,,
All,Instagram,2026-01-01/2026-06-30,KEYWORD_INAUTHENTIC_USER_REVIEWS,,0,0,,0,,,,,0,,,,,,,,,,,,,,,,,,,,,,,
All,Instagram,2026-01-01/2026-06-30,KEYWORD_PHISHING,,0,0,,0,,,,,0,,,,,,,,,,,,,,,,,,,,,,,
All,Instagram,2026-01-01/2026-06-30,KEYWORD_PYRAMID_SCHEMES,,0,0,,0,,,,,0,,,,,,,,,,,,,,,,,,,,,,,
All,Instagram,2026-01-01/2026-06-30,KEYWORD_OTHER_FINANCIAL_FRAUDS_SCAMS,This row was added for use in other parts of our report. We have included it here for consistency across the report.,0,0,,0,,,,,0,,,,,,,,,,,,,,,,,,,,,,,
All,Instagram,2026-01-01/2026-06-30,KEYWORD_OTHER_FRAUD_AND_DECEPTION,"Added category to record own initiative actions taken against our Community Standards on fraud, scams, and deceptive practices","1,263",0,,"1,206",,,,,57,,,,,,,,,,,,,,,,,,,,,,,
All,Instagram,2026-01-01/2026-06-30,KEYWORD_OTHER_SPAM,Added category to record own initiative actions taken against our Community Standards on spam ,0,0,,0,,,,,0,,,,,,,,,,,,,,,,,,,,,,,
All,Instagram,2026-01-01/2026-06-30,KEYWORD_OTHER_GAMBLING,Added category to capture likely violations of local gambling laws or own initiative actions taken against ourAdvertising Standards on online gambling and games ,"2,294","1,634",,"2,153",,,,,141,,,,,,,,,,,,,,,,,,,,,,,
All,Instagram,2026-01-01/2026-06-30,KEYWORD_OTHER_FAKE_ENGAGEMENT,Added category to capture own initiative actions taken against our Partner Monetization Policies on monetizing authentic engagement ,0,0,,0,,,,,0,,,,,,,,,,,,,,,,,,,,,,,
All,Instagram,2026-01-01/2026-06-30,STATEMENT_CATEGORY_SELF_HARM,,0,0,,0,,,,,0,,,,,,,,,,,,,,,,,,,,,,,
All,Instagram,2026-01-01/2026-06-30,KEYWORD_CONTENT_PROMOTING_EATING_DISORDERS,,0,0,,0,,,,,0,,,,,,,,,,,,,,,,,,,,,,,
All,Instagram,2026-01-01/2026-06-30,KEYWORD_SELF_MUTILATION,,0,0,,0,,,,,0,,,,,,,,,,,,,,,,,,,,,,,
All,Instagram,2026-01-01/2026-06-30,KEYWORD_SUICIDE,,0,0,,0,,,,,0,,,,,,,,,,,,,,,,,,,,,,,
All,Instagram,2026-01-01/2026-06-30,STATEMENT_CATEGORY_UNSAFE_AND_PROHIBITED_PRODUCTS,,454,0,,184,,,,,270,,,,,,,,,,,,,,,,,,,,,,,
All,Instagram,2026-01-01/2026-06-30,KEYWORD_PROHIBITED_PRODUCTS,"Category is inclusive of own initiative actions related to drugs, firearms and other prohibited products.",454,0,,184,,,,,270,,,,,,,,,,,,,,,,,,,,,,,
All,Instagram,2026-01-01/2026-06-30,KEYWORD_UNSAFE_PRODUCTS,,0,0,,0,,,,,0,,,,,,,,,,,,,,,,,,,,,,,
All,Instagram,2026-01-01/2026-06-30,KEYWORD_OTHER_GOODS_SERVICES_NOT_PERMITTED,This row was added for use in other parts of our report. We have included it here for consistency across the report.,0,0,,0,,,,,0,,,,,,,,,,,,,,,,,,,,,,,
All,Instagram,2026-01-01/2026-06-30,KEYWORD_OTHER_STOLEN_GOODS,Added category to capture own initiative actions taken against our Commerce Policies on stolen goods ,0,0,,0,,,,,0,,,,,,,,,,,,,,,,,,,,,,,
All,Instagram,2026-01-01/2026-06-30,KEYWORD_OTHER_VEHICLE_ACCESSORIES,Added category to capture own initiative actions taken against our Commerce Policies on vehicle parts and accessories ,0,0,,0,,,,,0,,,,,,,,,,,,,,,,,,,,,,,
All,Instagram,2026-01-01/2026-06-30,KEYWORD_OTHER_NUDITY_SEXUAL_ACTIVITY,This row was added for use in other parts of our report. We have included it here for consistency across the report.,0,0,,0,,,,,0,,,,,,,,,,,,,,,,,,,,,,,
All,Instagram,2026-01-01/2026-06-30,STATEMENT_CATEGORY_VIOLENCE,,127,127,,127,,,,,0,,,,,,,,,,,,,,,,,,,,,,,
All,Instagram,2026-01-01/2026-06-30,KEYWORD_COORDINATED_HARM,,0,0,,0,,,,,0,,,,,,,,,,,,,,,,,,,,,,,
All,Instagram,2026-01-01/2026-06-30,KEYWORD_INCITEMENT_VIOLENCE_HATRED,,0,0,,0,,,,,0,,,,,,,,,,,,,,,,,,,,,,,
All,Instagram,2026-01-01/2026-06-30,KEYWORD_HUMAN_EXPLOITATION,,127,127,,127,,,,,0,,,,,,,,,,,,,,,,,,,,,,,
All,Instagram,2026-01-01/2026-06-30,KEYWORD_HUMAN_TRAFFICKING,,0,0,,0,,,,,0,,,,,,,,,,,,,,,,,,,,,,,
All,Instagram,2026-01-01/2026-06-30,KEYWORD_TRAFFICKING_WOMEN_GIRLS,,0,0,,0,,,,,0,,,,,,,,,,,,,,,,,,,,,,,
All,Instagram,2026-01-01/2026-06-30,KEYWORD_OTHER_MURDER,This row was added for use in other parts of our report. We have included it here for consistency across the report.,0,0,,0,,,,,0,,,,,,,,,,,,,,,,,,,,,,,
All,Instagram,2026-01-01/2026-06-30,KEYWORD_OTHER_KIDNAPPED_OR_MISSING_PERSON,This row was added for use in other parts of our report. We have included it here for consistency across the report.,0,0,,0,,,,,0,,,,,,,,,,,,,,,,,,,,,,,
All,Instagram,2026-01-01/2026-06-30,KEYWORD_OTHER_PHYSICAL_ASSAULT,This row was added for use in other parts of our report. We have included it here for consistency across the report.,0,0,,0,,,,,0,,,,,,,,,,,,,,,,,,,,,,,
All,Instagram,2026-01-01/2026-06-30,KEYWORD_OTHER_SEX_CRIME_SEXUAL_ASSAULT,This row was added for use in other parts of our report. We have included it here for consistency across the report.,0,0,,0,,,,,0,,,,,,,,,,,,,,,,,,,,,,,
All,Instagram,2026-01-01/2026-06-30,KEYWORD_OTHER_GRAPHIC_VIOLENCE,Added category to record own initiative actions taken against our Community Standards on violent and graphic content ,0,0,,0,,,,,0,,,,,,,,,,,,,,,,,,,,,,,
All,Instagram,2026-01-01/2026-06-30,KEYWORD_OTHER_THREATS_OF_VIOLENCE,This row was added for use in other parts of our report. We have included it here for consistency across the report.,0,0,,0,,,,,0,,,,,,,,,,,,,,,,,,,,,,,
All,Instagram,2026-01-01/2026-06-30,STATEMENT_CATEGORY_OTHER_ILLEGAL,"Added category to capture instances where a definitive reason for actions against terms and conditions violating content or users was not logged. We consistently work to identify the source of issues that may result in logging errors and correct them as soon as possible.
","770,941","768,801",,"769,003",,,,,"1,938",,,,,,,,,,,,,,,,,,,,,,,