Zakres zastosowania,Usługa,Okres sprawozdawczy,Kategoria nielegalnych treści,Opis podkategorii „Inne”,Zakres,Liczba otrzymanych nakazów podjęcia działań przeciwko nielegalnym treściom,Liczba określonych informacji zawartych w łącznej liczbie nakazów podjęcia działań przeciwko nielegalnym treściom,Mediana czasu potrzebnego na poinformowanie organu o otrzymaniu nakazu podjęcia działań przeciwko nielegalnym treściom,Mediana czasu potrzebnego na wykonanie nakazu podjęcia działań przeciwko nielegalnym treściom,Liczba nakazów udzielenia informacji,Mediana czasu na poinformowanie organu o otrzymaniu nakazu udzielenia informacji,Mediana czasu na wykonanie nakazu udzielenia informacji,Informacje kontekstowe na temat liczby nakazów podjęcia działań przeciwko nielegalnym treściom,Informacje kontekstowe na temat liczby określonych informacji zawartych w łącznej liczbie nakazów podjęcia działań przeciwko nielegalnym treściom,Informacje kontekstowe na temat mediany czasu na poinformowanie organu o otrzymaniu nakazu podjęcia działań przeciwko nielegalnym treściom,Informacje kontekstowe na temat mediany czasu na wykonanie nakazu podjęcia działań przeciwko nielegalnym treściom,Informacje kontekstowe na temat liczby nakazów udzielenia informacji,Informacje kontekstowe na temat mediany czasu na poinformowanie organu o otrzymaniu nakazu udzielenia informacji,Informacje kontekstowe na temat mediany czasu na wykonanie nakazu udzielenia informacji
Wszyscy,Sklep internetowy x-kom,2024-02-16/2024-12-31,TOTAL,,OGÓŁEM,0,0,0,0,0,0,0,0,0,0,0,0,0,0
Wszyscy,Sklep internetowy x-kom,2024-02-16/2024-12-31,STATEMENT_CATEGORY_ANIMAL_WELFARE,,OGÓŁEM,0,0,0,0,0,0,0,0,0,0,0,0,0,0
Wszyscy,Sklep internetowy x-kom,2024-02-16/2024-12-31,KEYWORD_ANIMAL_HARM,,OGÓŁEM,0,0,0,0,0,0,0,0,0,0,0,0,0,0
Wszyscy,Sklep internetowy x-kom,2024-02-16/2024-12-31,KEYWORD_UNLAWFUL_SALE_ANIMALS,,OGÓŁEM,0,0,0,0,0,0,0,0,0,0,0,0,0,0
Wszyscy,Sklep internetowy x-kom,2024-02-16/2024-12-31,KEYWORD_OTHER,Tekst w celu uszczegółowienia słowa kluczowego „Inne”.,OGÓŁEM,0,0,0,0,0,0,0,0,0,0,0,0,0,0
Wszyscy,Sklep internetowy x-kom,2024-02-16/2024-12-31,STATEMENT_CATEGORY_CONSUMER_INFORMATION,,OGÓŁEM,0,0,0,0,0,0,0,0,0,0,0,0,0,0
Wszyscy,Sklep internetowy x-kom,2024-02-16/2024-12-31,KEYWORD_HIDDEN_ADVERTISEMENT,,OGÓŁEM,0,0,0,0,0,0,0,0,0,0,0,0,0,0
Wszyscy,Sklep internetowy x-kom,2024-02-16/2024-12-31,KEYWORD_INSUFFICIENT_INFORMATION_ON_TRADERS,,OGÓŁEM,0,0,0,0,0,0,0,0,0,0,0,0,0,0
Wszyscy,Sklep internetowy x-kom,2024-02-16/2024-12-31,KEYWORD_MISLEADING_INFO_GOODS_SERVICES,,OGÓŁEM,0,0,0,0,0,0,0,0,0,0,0,0,0,0
Wszyscy,Sklep internetowy x-kom,2024-02-16/2024-12-31,KEYWORD_MISLEADING_INFO_CONSUMER_RIGHTS,,OGÓŁEM,0,0,0,0,0,0,0,0,0,0,0,0,0,0
Wszyscy,Sklep internetowy x-kom,2024-02-16/2024-12-31,KEYWORD_NONCOMPLIANCE_PRICING,,OGÓŁEM,0,0,0,0,0,0,0,0,0,0,0,0,0,0
Wszyscy,Sklep internetowy x-kom,2024-02-16/2024-12-31,KEYWORD_OTHER,Tekst w celu uszczegółowienia słowa kluczowego „Inne”.,OGÓŁEM,0,0,0,0,0,0,0,0,0,0,0,0,0,0
Wszyscy,Sklep internetowy x-kom,2024-02-16/2024-12-31,STATEMENT_CATEGORY_CYBER_VIOLENCE,,OGÓŁEM,0,0,0,0,0,0,0,0,0,0,0,0,0,0
Wszyscy,Sklep internetowy x-kom,2024-02-16/2024-12-31,KEYWORD_CYBER_BULLYING_INTIMIDATION,,OGÓŁEM,0,0,0,0,0,0,0,0,0,0,0,0,0,0
Wszyscy,Sklep internetowy x-kom,2024-02-16/2024-12-31,KEYWORD_CYBER_HARASSMENT,,OGÓŁEM,0,0,0,0,0,0,0,0,0,0,0,0,0,0
Wszyscy,Sklep internetowy x-kom,2024-02-16/2024-12-31,KEYWORD_CYBER_INCITEMENT,,OGÓŁEM,0,0,0,0,0,0,0,0,0,0,0,0,0,0
Wszyscy,Sklep internetowy x-kom,2024-02-16/2024-12-31,KEYWORD_CYBER_STALKING,,OGÓŁEM,0,0,0,0,0,0,0,0,0,0,0,0,0,0
Wszyscy,Sklep internetowy x-kom,2024-02-16/2024-12-31,KEYWORD_NON_CONSENSUAL_IMAGE_SHARING,,OGÓŁEM,0,0,0,0,0,0,0,0,0,0,0,0,0,0
Wszyscy,Sklep internetowy x-kom,2024-02-16/2024-12-31,KEYWORD_NON_CONSENSUAL_MATERIAL_DEEPFAKE,,OGÓŁEM,0,0,0,0,0,0,0,0,0,0,0,0,0,0
Wszyscy,Sklep internetowy x-kom,2024-02-16/2024-12-31,KEYWORD_OTHER,Tekst w celu uszczegółowienia słowa kluczowego „Inne”.,OGÓŁEM,0,0,0,0,0,0,0,0,0,0,0,0,0,0
Wszyscy,Sklep internetowy x-kom,2024-02-16/2024-12-31,STATEMENT_CATEGORY_CYBER_VIOLENCE_AGAINST_WOMEN,,OGÓŁEM,0,0,0,0,0,0,0,0,0,0,0,0,0,0
Wszyscy,Sklep internetowy x-kom,2024-02-16/2024-12-31,KEYWORD_BULLYING_AGAINST_GIRLS,,OGÓŁEM,0,0,0,0,0,0,0,0,0,0,0,0,0,0
Wszyscy,Sklep internetowy x-kom,2024-02-16/2024-12-31,KEYWORD_CYBER_HARASSMENT_AGAINST_WOMEN,,OGÓŁEM,0,0,0,0,0,0,0,0,0,0,0,0,0,0
Wszyscy,Sklep internetowy x-kom,2024-02-16/2024-12-31,KEYWORD_CYBER_STALKING_AGAINST_WOMEN,,OGÓŁEM,0,0,0,0,0,0,0,0,0,0,0,0,0,0
Wszyscy,Sklep internetowy x-kom,2024-02-16/2024-12-31,KEYWORD_FEMALE_GENDERED_DISINFORMATION,,OGÓŁEM,0,0,0,0,0,0,0,0,0,0,0,0,0,0
Wszyscy,Sklep internetowy x-kom,2024-02-16/2024-12-31,KEYWORD_INCITEMENT_AGAINST_WOMEN,,OGÓŁEM,0,0,0,0,0,0,0,0,0,0,0,0,0,0
Wszyscy,Sklep internetowy x-kom,2024-02-16/2024-12-31,KEYWORD_NON_CONSENSUAL_IMAGE_SHARING_AGAINST_WOMEN,,OGÓŁEM,0,0,0,0,0,0,0,0,0,0,0,0,0,0
Wszyscy,Sklep internetowy x-kom,2024-02-16/2024-12-31,KEYWORD_NON_CONSENSUAL_MATERIAL_DEEPFAKE_AGAINST_WOMEN,,OGÓŁEM,0,0,0,0,0,0,0,0,0,0,0,0,0,0
Wszyscy,Sklep internetowy x-kom,2024-02-16/2024-12-31,KEYWORD_OTHER,Tekst w celu uszczegółowienia słowa kluczowego „Inne”.,OGÓŁEM,0,0,0,0,0,0,0,0,0,0,0,0,0,0
Wszyscy,Sklep internetowy x-kom,2024-02-16/2024-12-31,STATEMENT_CATEGORY_DATA_PROTECTION_AND_PRIVACY_VIOLATIONS,,OGÓŁEM,0,0,0,0,0,0,0,0,0,0,0,0,0,0
Wszyscy,Sklep internetowy x-kom,2024-02-16/2024-12-31,KEYWORD_BIOMETRIC_DATA_BREACH,,OGÓŁEM,0,0,0,0,0,0,0,0,0,0,0,0,0,0
Wszyscy,Sklep internetowy x-kom,2024-02-16/2024-12-31,KEYWORD_DATA_FALSIFICATION,,OGÓŁEM,0,0,0,0,0,0,0,0,0,0,0,0,0,0
Wszyscy,Sklep internetowy x-kom,2024-02-16/2024-12-31,KEYWORD_MISSING_PROCESSING_GROUND,,OGÓŁEM,0,0,0,0,0,0,0,0,0,0,0,0,0,0
Wszyscy,Sklep internetowy x-kom,2024-02-16/2024-12-31,KEYWORD_RIGHT_TO_BE_FORGOTTEN,,OGÓŁEM,0,0,0,0,0,0,0,0,0,0,0,0,0,0
Wszyscy,Sklep internetowy x-kom,2024-02-16/2024-12-31,KEYWORD_OTHER,Tekst w celu uszczegółowienia słowa kluczowego „Inne”.,OGÓŁEM,0,0,0,0,0,0,0,0,0,0,0,0,0,0
Wszyscy,Sklep internetowy x-kom,2024-02-16/2024-12-31,STATEMENT_CATEGORY_ILLEGAL_OR_HARMFUL_SPEECH,,OGÓŁEM,0,0,0,0,0,0,0,0,0,0,0,0,0,0
Wszyscy,Sklep internetowy x-kom,2024-02-16/2024-12-31,KEYWORD_DEFAMATION,,OGÓŁEM,0,0,0,0,0,0,0,0,0,0,0,0,0,0
Wszyscy,Sklep internetowy x-kom,2024-02-16/2024-12-31,KEYWORD_DISCRIMINATION,,OGÓŁEM,0,0,0,0,0,0,0,0,0,0,0,0,0,0
Wszyscy,Sklep internetowy x-kom,2024-02-16/2024-12-31,KEYWORD_HATE_SPEECH,,OGÓŁEM,0,0,0,0,0,0,0,0,0,0,0,0,0,0
Wszyscy,Sklep internetowy x-kom,2024-02-16/2024-12-31,KEYWORD_OTHER,Tekst w celu uszczegółowienia słowa kluczowego „Inne”.,OGÓŁEM,0,0,0,0,0,0,0,0,0,0,0,0,0,0
Wszyscy,Sklep internetowy x-kom,2024-02-16/2024-12-31,STATEMENT_CATEGORY_INTELLECTUAL_PROPERTY_INFRINGEMENTS,,OGÓŁEM,0,0,0,0,0,0,0,0,0,0,0,0,0,0
Wszyscy,Sklep internetowy x-kom,2024-02-16/2024-12-31,KEYWORD_COPYRIGHT_INFRINGEMENT,,OGÓŁEM,0,0,0,0,0,0,0,0,0,0,0,0,0,0
Wszyscy,Sklep internetowy x-kom,2024-02-16/2024-12-31,KEYWORD_DESIGN_INFRINGEMENT,,OGÓŁEM,0,0,0,0,0,0,0,0,0,0,0,0,0,0
Wszyscy,Sklep internetowy x-kom,2024-02-16/2024-12-31,KEYWORD_GEOGRAPHIC_INDICATIONS_INFRINGEMENT,,OGÓŁEM,0,0,0,0,0,0,0,0,0,0,0,0,0,0
Wszyscy,Sklep internetowy x-kom,2024-02-16/2024-12-31,KEYWORD_PATENT_INFRINGEMENT,,OGÓŁEM,0,0,0,0,0,0,0,0,0,0,0,0,0,0
Wszyscy,Sklep internetowy x-kom,2024-02-16/2024-12-31,KEYWORD_TRADE_SECRET_INFRINGEMENT,,OGÓŁEM,0,0,0,0,0,0,0,0,0,0,0,0,0,0
Wszyscy,Sklep internetowy x-kom,2024-02-16/2024-12-31,KEYWORD_TRADEMARK_INFRINGEMENT,,OGÓŁEM,0,0,0,0,0,0,0,0,0,0,0,0,0,0
Wszyscy,Sklep internetowy x-kom,2024-02-16/2024-12-31,KEYWORD_OTHER,Tekst w celu uszczegółowienia słowa kluczowego „Inne”.,OGÓŁEM,0,0,0,0,0,0,0,0,0,0,0,0,0,0
Wszyscy,Sklep internetowy x-kom,2024-02-16/2024-12-31,STATEMENT_CATEGORY_NEGATIVE_EFFECTS_ON_CIVIC_DISCOURSE_OR_ELECTIONS,,OGÓŁEM,0,0,0,0,0,0,0,0,0,0,0,0,0,0
Wszyscy,Sklep internetowy x-kom,2024-02-16/2024-12-31,KEYWORD_MISINFORMATION_DISINFORMATION,,OGÓŁEM,0,0,0,0,0,0,0,0,0,0,0,0,0,0
Wszyscy,Sklep internetowy x-kom,2024-02-16/2024-12-31,KEYWORD_VIOLATION_EU_LAW,,OGÓŁEM,0,0,0,0,0,0,0,0,0,0,0,0,0,0
Wszyscy,Sklep internetowy x-kom,2024-02-16/2024-12-31,KEYWORD_VIOLATION_NATIONAL_LAW,,OGÓŁEM,0,0,0,0,0,0,0,0,0,0,0,0,0,0
Wszyscy,Sklep internetowy x-kom,2024-02-16/2024-12-31,KEYWORD_OTHER,Tekst w celu uszczegółowienia słowa kluczowego „Inne”.,OGÓŁEM,0,0,0,0,0,0,0,0,0,0,0,0,0,0
Wszyscy,Sklep internetowy x-kom,2024-02-16/2024-12-31,STATEMENT_CATEGORY_PROTECTION_OF_MINORS,,OGÓŁEM,0,0,0,0,0,0,0,0,0,0,0,0,0,0
Wszyscy,Sklep internetowy x-kom,2024-02-16/2024-12-31,KEYWORD_AGE_SPECIFIC_RESTRICTIONS_MINORS,,OGÓŁEM,0,0,0,0,0,0,0,0,0,0,0,0,0,0
Wszyscy,Sklep internetowy x-kom,2024-02-16/2024-12-31,KEYWORD_CHILD_SEXUAL_ABUSE_MATERIAL,,OGÓŁEM,0,0,0,0,0,0,0,0,0,0,0,0,0,0
Wszyscy,Sklep internetowy x-kom,2024-02-16/2024-12-31,KEYWORD_CHILD_SEXUAL_ABUSE_MATERIAL_DEEPFAKE,,OGÓŁEM,0,0,0,0,0,0,0,0,0,0,0,0,0,0
Wszyscy,Sklep internetowy x-kom,2024-02-16/2024-12-31,KEYWORD_GROOMING_SEXUAL_ENTICEMENT_MINORS,,OGÓŁEM,0,0,0,0,0,0,0,0,0,0,0,0,0,0
Wszyscy,Sklep internetowy x-kom,2024-02-16/2024-12-31,KEYWORD_UNSAFE_CHALLENGES,,OGÓŁEM,0,0,0,0,0,0,0,0,0,0,0,0,0,0
Wszyscy,Sklep internetowy x-kom,2024-02-16/2024-12-31,KEYWORD_OTHER,Tekst w celu uszczegółowienia słowa kluczowego „Inne”.,OGÓŁEM,0,0,0,0,0,0,0,0,0,0,0,0,0,0
Wszyscy,Sklep internetowy x-kom,2024-02-16/2024-12-31,STATEMENT_CATEGORY_RISK_FOR_PUBLIC_SECURITY,,OGÓŁEM,0,0,0,0,0,0,0,0,0,0,0,0,0,0
Wszyscy,Sklep internetowy x-kom,2024-02-16/2024-12-31,KEYWORD_ILLEGAL_ORGANIZATIONS,,OGÓŁEM,0,0,0,0,0,0,0,0,0,0,0,0,0,0
Wszyscy,Sklep internetowy x-kom,2024-02-16/2024-12-31,KEYWORD_RISK_ENVIRONMENTAL_DAMAGE,,OGÓŁEM,0,0,0,0,0,0,0,0,0,0,0,0,0,0
Wszyscy,Sklep internetowy x-kom,2024-02-16/2024-12-31,KEYWORD_RISK_PUBLIC_HEALTH,,OGÓŁEM,0,0,0,0,0,0,0,0,0,0,0,0,0,0
Wszyscy,Sklep internetowy x-kom,2024-02-16/2024-12-31,KEYWORD_TERRORIST_CONTENT,,OGÓŁEM,0,0,0,0,0,0,0,0,0,0,0,0,0,0
Wszyscy,Sklep internetowy x-kom,2024-02-16/2024-12-31,KEYWORD_OTHER,Tekst w celu uszczegółowienia słowa kluczowego „Inne”.,OGÓŁEM,0,0,0,0,0,0,0,0,0,0,0,0,0,0
Wszyscy,Sklep internetowy x-kom,2024-02-16/2024-12-31,STATEMENT_CATEGORY_SCAMS_AND_FRAUD,,OGÓŁEM,0,0,0,0,0,0,0,0,0,0,0,0,0,0
Wszyscy,Sklep internetowy x-kom,2024-02-16/2024-12-31,KEYWORD_IMPERSONATION_ACCOUNT_HIJACKING,,OGÓŁEM,0,0,0,0,0,0,0,0,0,0,0,0,0,0
Wszyscy,Sklep internetowy x-kom,2024-02-16/2024-12-31,KEYWORD_INAUTHENTIC_ACCOUNTS,,OGÓŁEM,0,0,0,0,0,0,0,0,0,0,0,0,0,0
Wszyscy,Sklep internetowy x-kom,2024-02-16/2024-12-31,KEYWORD_INAUTHENTIC_LISTINGS,,OGÓŁEM,0,0,0,0,0,0,0,0,0,0,0,0,0,0
Wszyscy,Sklep internetowy x-kom,2024-02-16/2024-12-31,KEYWORD_INAUTHENTIC_USER_REVIEWS,,OGÓŁEM,0,0,0,0,0,0,0,0,0,0,0,0,0,0
Wszyscy,Sklep internetowy x-kom,2024-02-16/2024-12-31,KEYWORD_PHISHING,,OGÓŁEM,0,0,0,0,0,0,0,0,0,0,0,0,0,0
Wszyscy,Sklep internetowy x-kom,2024-02-16/2024-12-31,KEYWORD_PYRAMID_SCHEMES,,OGÓŁEM,0,0,0,0,0,0,0,0,0,0,0,0,0,0
Wszyscy,Sklep internetowy x-kom,2024-02-16/2024-12-31,KEYWORD_OTHER,Tekst w celu uszczegółowienia słowa kluczowego „Inne”.,OGÓŁEM,0,0,0,0,0,0,0,0,0,0,0,0,0,0
Wszyscy,Sklep internetowy x-kom,2024-02-16/2024-12-31,STATEMENT_CATEGORY_SELF_HARM,,OGÓŁEM,0,0,0,0,0,0,0,0,0,0,0,0,0,0
Wszyscy,Sklep internetowy x-kom,2024-02-16/2024-12-31,KEYWORD_CONTENT_PROMOTING_EATING_DISORDERS,,OGÓŁEM,0,0,0,0,0,0,0,0,0,0,0,0,0,0
Wszyscy,Sklep internetowy x-kom,2024-02-16/2024-12-31,KEYWORD_SELF_MUTILATION,,OGÓŁEM,0,0,0,0,0,0,0,0,0,0,0,0,0,0
Wszyscy,Sklep internetowy x-kom,2024-02-16/2024-12-31,KEYWORD_SUICIDE,,OGÓŁEM,0,0,0,0,0,0,0,0,0,0,0,0,0,0
Wszyscy,Sklep internetowy x-kom,2024-02-16/2024-12-31,KEYWORD_OTHER,Tekst w celu uszczegółowienia słowa kluczowego „Inne”.,OGÓŁEM,0,0,0,0,0,0,0,0,0,0,0,0,0,0
Wszyscy,Sklep internetowy x-kom,2024-02-16/2024-12-31,STATEMENT_CATEGORY_UNSAFE_AND_PROHIBITED_PRODUCTS,,OGÓŁEM,0,0,0,0,0,0,0,0,0,0,0,0,0,0
Wszyscy,Sklep internetowy x-kom,2024-02-16/2024-12-31,KEYWORD_PROHIBITED_PRODUCTS,,OGÓŁEM,0,0,0,0,0,0,0,0,0,0,0,0,0,0
Wszyscy,Sklep internetowy x-kom,2024-02-16/2024-12-31,KEYWORD_UNSAFE_PRODUCTS,,OGÓŁEM,0,0,0,0,0,0,0,0,0,0,0,0,0,0
Wszyscy,Sklep internetowy x-kom,2024-02-16/2024-12-31,KEYWORD_OTHER,Tekst w celu uszczegółowienia słowa kluczowego „Inne”.,OGÓŁEM,0,0,0,0,0,0,0,0,0,0,0,0,0,0
Wszyscy,Sklep internetowy x-kom,2024-02-16/2024-12-31,STATEMENT_CATEGORY_VIOLENCE,,OGÓŁEM,0,0,0,0,0,0,0,0,0,0,0,0,0,0
Wszyscy,Sklep internetowy x-kom,2024-02-16/2024-12-31,KEYWORD_COORDINATED_HARM,,OGÓŁEM,0,0,0,0,0,0,0,0,0,0,0,0,0,0
Wszyscy,Sklep internetowy x-kom,2024-02-16/2024-12-31,KEYWORD_INCITEMENT_VIOLENCE_HATRED,,OGÓŁEM,0,0,0,0,0,0,0,0,0,0,0,0,0,0
Wszyscy,Sklep internetowy x-kom,2024-02-16/2024-12-31,KEYWORD_HUMAN_EXPLOITATION,,OGÓŁEM,0,0,0,0,0,0,0,0,0,0,0,0,0,0
Wszyscy,Sklep internetowy x-kom,2024-02-16/2024-12-31,KEYWORD_HUMAN_TRAFFICKING,,OGÓŁEM,0,0,0,0,0,0,0,0,0,0,0,0,0,0
Wszyscy,Sklep internetowy x-kom,2024-02-16/2024-12-31,KEYWORD_TRAFFICKING_WOMEN_GIRLS,,OGÓŁEM,0,0,0,0,0,0,0,0,0,0,0,0,0,0
Wszyscy,Sklep internetowy x-kom,2024-02-16/2024-12-31,KEYWORD_OTHER,Tekst w celu uszczegółowienia słowa kluczowego „Inne”.,OGÓŁEM,0,0,0,0,0,0,0,0,0,0,0,0,0,0
Wszyscy,Sklep internetowy x-kom,2024-02-16/2024-12-31,STATEMENT_CATEGORY_NOT_SPECIFIED_ORDER,,OGÓŁEM,0,0,0,0,0,0,0,0,0,0,0,0,0,0
Wszyscy,Sklep internetowy x-kom,2024-02-16/2024-12-31,TOTAL,,"AT, […], SE",0,0,0,0,0,0,0,0,0,0,0,0,0,0
Wszyscy,Sklep internetowy x-kom,2024-02-16/2024-12-31,STATEMENT_CATEGORY_ANIMAL_WELFARE,,"AT, […], SE",0,0,0,0,0,0,0,0,0,0,0,0,0,0
Wszyscy,Sklep internetowy x-kom,2024-02-16/2024-12-31,KEYWORD_ANIMAL_HARM,,"AT, […], SE",0,0,0,0,0,0,0,0,0,0,0,0,0,0
Wszyscy,Sklep internetowy x-kom,2024-02-16/2024-12-31,KEYWORD_UNLAWFUL_SALE_ANIMALS,,"AT, […], SE",0,0,0,0,0,0,0,0,0,0,0,0,0,0
Wszyscy,Sklep internetowy x-kom,2024-02-16/2024-12-31,KEYWORD_OTHER,Tekst w celu uszczegółowienia słowa kluczowego „Inne”.,"AT, […], SE",0,0,0,0,0,0,0,0,0,0,0,0,0,0
Wszyscy,Sklep internetowy x-kom,2024-02-16/2024-12-31,STATEMENT_CATEGORY_CONSUMER_INFORMATION,,"AT, […], SE",0,0,0,0,0,0,0,0,0,0,0,0,0,0
Wszyscy,Sklep internetowy x-kom,2024-02-16/2024-12-31,KEYWORD_HIDDEN_ADVERTISEMENT,,"AT, […], SE",0,0,0,0,0,0,0,0,0,0,0,0,0,0
Wszyscy,Sklep internetowy x-kom,2024-02-16/2024-12-31,KEYWORD_INSUFFICIENT_INFORMATION_ON_TRADERS,,"AT, […], SE",0,0,0,0,0,0,0,0,0,0,0,0,0,0
Wszyscy,Sklep internetowy x-kom,2024-02-16/2024-12-31,KEYWORD_MISLEADING_INFO_GOODS_SERVICES,,"AT, […], SE",0,0,0,0,0,0,0,0,0,0,0,0,0,0
Wszyscy,Sklep internetowy x-kom,2024-02-16/2024-12-31,KEYWORD_MISLEADING_INFO_CONSUMER_RIGHTS,,"AT, […], SE",0,0,0,0,0,0,0,0,0,0,0,0,0,0
Wszyscy,Sklep internetowy x-kom,2024-02-16/2024-12-31,KEYWORD_NONCOMPLIANCE_PRICING,,"AT, […], SE",0,0,0,0,0,0,0,0,0,0,0,0,0,0
Wszyscy,Sklep internetowy x-kom,2024-02-16/2024-12-31,KEYWORD_OTHER,Tekst w celu uszczegółowienia słowa kluczowego „Inne”.,"AT, […], SE",0,0,0,0,0,0,0,0,0,0,0,0,0,0
Wszyscy,Sklep internetowy x-kom,2024-02-16/2024-12-31,STATEMENT_CATEGORY_CYBER_VIOLENCE,,"AT, […], SE",0,0,0,0,0,0,0,0,0,0,0,0,0,0
Wszyscy,Sklep internetowy x-kom,2024-02-16/2024-12-31,KEYWORD_CYBER_BULLYING_INTIMIDATION,,"AT, […], SE",0,0,0,0,0,0,0,0,0,0,0,0,0,0
Wszyscy,Sklep internetowy x-kom,2024-02-16/2024-12-31,KEYWORD_CYBER_HARASSMENT,,"AT, […], SE",0,0,0,0,0,0,0,0,0,0,0,0,0,0
Wszyscy,Sklep internetowy x-kom,2024-02-16/2024-12-31,KEYWORD_CYBER_INCITEMENT,,"AT, […], SE",0,0,0,0,0,0,0,0,0,0,0,0,0,0
Wszyscy,Sklep internetowy x-kom,2024-02-16/2024-12-31,KEYWORD_CYBER_STALKING,,"AT, […], SE",0,0,0,0,0,0,0,0,0,0,0,0,0,0
Wszyscy,Sklep internetowy x-kom,2024-02-16/2024-12-31,KEYWORD_NON_CONSENSUAL_IMAGE_SHARING,,"AT, […], SE",0,0,0,0,0,0,0,0,0,0,0,0,0,0
Wszyscy,Sklep internetowy x-kom,2024-02-16/2024-12-31,KEYWORD_NON_CONSENSUAL_MATERIAL_DEEPFAKE,,"AT, […], SE",0,0,0,0,0,0,0,0,0,0,0,0,0,0
Wszyscy,Sklep internetowy x-kom,2024-02-16/2024-12-31,KEYWORD_OTHER,Tekst w celu uszczegółowienia słowa kluczowego „Inne”.,"AT, […], SE",0,0,0,0,0,0,0,0,0,0,0,0,0,0
Wszyscy,Sklep internetowy x-kom,2024-02-16/2024-12-31,STATEMENT_CATEGORY_CYBER_VIOLENCE_AGAINST_WOMEN,,"AT, […], SE",0,0,0,0,0,0,0,0,0,0,0,0,0,0
Wszyscy,Sklep internetowy x-kom,2024-02-16/2024-12-31,KEYWORD_BULLYING_AGAINST_GIRLS,,"AT, […], SE",0,0,0,0,0,0,0,0,0,0,0,0,0,0
Wszyscy,Sklep internetowy x-kom,2024-02-16/2024-12-31,KEYWORD_CYBER_HARASSMENT_AGAINST_WOMEN,,"AT, […], SE",0,0,0,0,0,0,0,0,0,0,0,0,0,0
Wszyscy,Sklep internetowy x-kom,2024-02-16/2024-12-31,KEYWORD_CYBER_STALKING_AGAINST_WOMEN,,"AT, […], SE",0,0,0,0,0,0,0,0,0,0,0,0,0,0
Wszyscy,Sklep internetowy x-kom,2024-02-16/2024-12-31,KEYWORD_FEMALE_GENDERED_DISINFORMATION,,"AT, […], SE",0,0,0,0,0,0,0,0,0,0,0,0,0,0
Wszyscy,Sklep internetowy x-kom,2024-02-16/2024-12-31,KEYWORD_INCITEMENT_AGAINST_WOMEN,,"AT, […], SE",0,0,0,0,0,0,0,0,0,0,0,0,0,0
Wszyscy,Sklep internetowy x-kom,2024-02-16/2024-12-31,KEYWORD_NON_CONSENSUAL_IMAGE_SHARING_AGAINST_WOMEN,,"AT, […], SE",0,0,0,0,0,0,0,0,0,0,0,0,0,0
Wszyscy,Sklep internetowy x-kom,2024-02-16/2024-12-31,KEYWORD_NON_CONSENSUAL_MATERIAL_DEEPFAKE_AGAINST_WOMEN,,"AT, […], SE",0,0,0,0,0,0,0,0,0,0,0,0,0,0
Wszyscy,Sklep internetowy x-kom,2024-02-16/2024-12-31,KEYWORD_OTHER,Tekst w celu uszczegółowienia słowa kluczowego „Inne”.,"AT, […], SE",0,0,0,0,0,0,0,0,0,0,0,0,0,0
Wszyscy,Sklep internetowy x-kom,2024-02-16/2024-12-31,STATEMENT_CATEGORY_DATA_PROTECTION_AND_PRIVACY_VIOLATIONS,,"AT, […], SE",0,0,0,0,0,0,0,0,0,0,0,0,0,0
Wszyscy,Sklep internetowy x-kom,2024-02-16/2024-12-31,KEYWORD_BIOMETRIC_DATA_BREACH,,"AT, […], SE",0,0,0,0,0,0,0,0,0,0,0,0,0,0
Wszyscy,Sklep internetowy x-kom,2024-02-16/2024-12-31,KEYWORD_DATA_FALSIFICATION,,"AT, […], SE",0,0,0,0,0,0,0,0,0,0,0,0,0,0
Wszyscy,Sklep internetowy x-kom,2024-02-16/2024-12-31,KEYWORD_MISSING_PROCESSING_GROUND,,"AT, […], SE",0,0,0,0,0,0,0,0,0,0,0,0,0,0
Wszyscy,Sklep internetowy x-kom,2024-02-16/2024-12-31,KEYWORD_RIGHT_TO_BE_FORGOTTEN,,"AT, […], SE",0,0,0,0,0,0,0,0,0,0,0,0,0,0
Wszyscy,Sklep internetowy x-kom,2024-02-16/2024-12-31,KEYWORD_OTHER,Tekst w celu uszczegółowienia słowa kluczowego „Inne”.,"AT, […], SE",0,0,0,0,0,0,0,0,0,0,0,0,0,0
Wszyscy,Sklep internetowy x-kom,2024-02-16/2024-12-31,STATEMENT_CATEGORY_ILLEGAL_OR_HARMFUL_SPEECH,,"AT, […], SE",0,0,0,0,0,0,0,0,0,0,0,0,0,0
Wszyscy,Sklep internetowy x-kom,2024-02-16/2024-12-31,KEYWORD_DEFAMATION,,"AT, […], SE",0,0,0,0,0,0,0,0,0,0,0,0,0,0
Wszyscy,Sklep internetowy x-kom,2024-02-16/2024-12-31,KEYWORD_DISCRIMINATION,,"AT, […], SE",0,0,0,0,0,0,0,0,0,0,0,0,0,0
Wszyscy,Sklep internetowy x-kom,2024-02-16/2024-12-31,KEYWORD_HATE_SPEECH,,"AT, […], SE",0,0,0,0,0,0,0,0,0,0,0,0,0,0
Wszyscy,Sklep internetowy x-kom,2024-02-16/2024-12-31,KEYWORD_OTHER,Tekst w celu uszczegółowienia słowa kluczowego „Inne”.,"AT, […], SE",0,0,0,0,0,0,0,0,0,0,0,0,0,0
Wszyscy,Sklep internetowy x-kom,2024-02-16/2024-12-31,STATEMENT_CATEGORY_INTELLECTUAL_PROPERTY_INFRINGEMENTS,,"AT, […], SE",0,0,0,0,0,0,0,0,0,0,0,0,0,0
Wszyscy,Sklep internetowy x-kom,2024-02-16/2024-12-31,KEYWORD_COPYRIGHT_INFRINGEMENT,,"AT, […], SE",0,0,0,0,0,0,0,0,0,0,0,0,0,0
Wszyscy,Sklep internetowy x-kom,2024-02-16/2024-12-31,KEYWORD_DESIGN_INFRINGEMENT,,"AT, […], SE",0,0,0,0,0,0,0,0,0,0,0,0,0,0
Wszyscy,Sklep internetowy x-kom,2024-02-16/2024-12-31,KEYWORD_GEOGRAPHIC_INDICATIONS_INFRINGEMENT,,"AT, […], SE",0,0,0,0,0,0,0,0,0,0,0,0,0,0
Wszyscy,Sklep internetowy x-kom,2024-02-16/2024-12-31,KEYWORD_PATENT_INFRINGEMENT,,"AT, […], SE",0,0,0,0,0,0,0,0,0,0,0,0,0,0
Wszyscy,Sklep internetowy x-kom,2024-02-16/2024-12-31,KEYWORD_TRADE_SECRET_INFRINGEMENT,,"AT, […], SE",0,0,0,0,0,0,0,0,0,0,0,0,0,0
Wszyscy,Sklep internetowy x-kom,2024-02-16/2024-12-31,KEYWORD_TRADEMARK_INFRINGEMENT,,"AT, […], SE",0,0,0,0,0,0,0,0,0,0,0,0,0,0
Wszyscy,Sklep internetowy x-kom,2024-02-16/2024-12-31,KEYWORD_OTHER,Tekst w celu uszczegółowienia słowa kluczowego „Inne”.,"AT, […], SE",0,0,0,0,0,0,0,0,0,0,0,0,0,0
Wszyscy,Sklep internetowy x-kom,2024-02-16/2024-12-31,STATEMENT_CATEGORY_NEGATIVE_EFFECTS_ON_CIVIC_DISCOURSE_OR_ELECTIONS,,"AT, […], SE",0,0,0,0,0,0,0,0,0,0,0,0,0,0
Wszyscy,Sklep internetowy x-kom,2024-02-16/2024-12-31,KEYWORD_MISINFORMATION_DISINFORMATION,,"AT, […], SE",0,0,0,0,0,0,0,0,0,0,0,0,0,0
Wszyscy,Sklep internetowy x-kom,2024-02-16/2024-12-31,KEYWORD_VIOLATION_EU_LAW,,"AT, […], SE",0,0,0,0,0,0,0,0,0,0,0,0,0,0
Wszyscy,Sklep internetowy x-kom,2024-02-16/2024-12-31,KEYWORD_VIOLATION_NATIONAL_LAW,,"AT, […], SE",0,0,0,0,0,0,0,0,0,0,0,0,0,0
Wszyscy,Sklep internetowy x-kom,2024-02-16/2024-12-31,KEYWORD_OTHER,Tekst w celu uszczegółowienia słowa kluczowego „Inne”.,"AT, […], SE",0,0,0,0,0,0,0,0,0,0,0,0,0,0
Wszyscy,Sklep internetowy x-kom,2024-02-16/2024-12-31,STATEMENT_CATEGORY_PROTECTION_OF_MINORS,,"AT, […], SE",0,0,0,0,0,0,0,0,0,0,0,0,0,0
Wszyscy,Sklep internetowy x-kom,2024-02-16/2024-12-31,KEYWORD_AGE_SPECIFIC_RESTRICTIONS_MINORS,,"AT, […], SE",0,0,0,0,0,0,0,0,0,0,0,0,0,0
Wszyscy,Sklep internetowy x-kom,2024-02-16/2024-12-31,KEYWORD_CHILD_SEXUAL_ABUSE_MATERIAL,,"AT, […], SE",0,0,0,0,0,0,0,0,0,0,0,0,0,0
Wszyscy,Sklep internetowy x-kom,2024-02-16/2024-12-31,KEYWORD_GROOMING_SEXUAL_ENTICEMENT_MINORS,,"AT, […], SE",0,0,0,0,0,0,0,0,0,0,0,0,0,0
Wszyscy,Sklep internetowy x-kom,2024-02-16/2024-12-31,KEYWORD_UNSAFE_CHALLENGES,,"AT, […], SE",0,0,0,0,0,0,0,0,0,0,0,0,0,0
Wszyscy,Sklep internetowy x-kom,2024-02-16/2024-12-31,KEYWORD_OTHER,Tekst w celu uszczegółowienia słowa kluczowego „Inne”.,"AT, […], SE",0,0,0,0,0,0,0,0,0,0,0,0,0,0
Wszyscy,Sklep internetowy x-kom,2024-02-16/2024-12-31,STATEMENT_CATEGORY_RISK_FOR_PUBLIC_SECURITY,,"AT, […], SE",0,0,0,0,0,0,0,0,0,0,0,0,0,0
Wszyscy,Sklep internetowy x-kom,2024-02-16/2024-12-31,KEYWORD_ILLEGAL_ORGANIZATIONS,,"AT, […], SE",0,0,0,0,0,0,0,0,0,0,0,0,0,0
Wszyscy,Sklep internetowy x-kom,2024-02-16/2024-12-31,KEYWORD_RISK_ENVIRONMENTAL_DAMAGE,,"AT, […], SE",0,0,0,0,0,0,0,0,0,0,0,0,0,0
Wszyscy,Sklep internetowy x-kom,2024-02-16/2024-12-31,KEYWORD_RISK_PUBLIC_HEALTH,,"AT, […], SE",0,0,0,0,0,0,0,0,0,0,0,0,0,0
Wszyscy,Sklep internetowy x-kom,2024-02-16/2024-12-31,KEYWORD_TERRORIST_CONTENT,,"AT, […], SE",0,0,0,0,0,0,0,0,0,0,0,0,0,0
Wszyscy,Sklep internetowy x-kom,2024-02-16/2024-12-31,KEYWORD_OTHER,Tekst w celu uszczegółowienia słowa kluczowego „Inne”.,"AT, […], SE",0,0,0,0,0,0,0,0,0,0,0,0,0,0
Wszyscy,Sklep internetowy x-kom,2024-02-16/2024-12-31,STATEMENT_CATEGORY_SCAMS_AND_FRAUD,,"AT, […], SE",0,0,0,0,0,0,0,0,0,0,0,0,0,0
Wszyscy,Sklep internetowy x-kom,2024-02-16/2024-12-31,KEYWORD_IMPERSONATION_ACCOUNT_HIJACKING,,"AT, […], SE",0,0,0,0,0,0,0,0,0,0,0,0,0,0
Wszyscy,Sklep internetowy x-kom,2024-02-16/2024-12-31,KEYWORD_INAUTHENTIC_ACCOUNTS,,"AT, […], SE",0,0,0,0,0,0,0,0,0,0,0,0,0,0
Wszyscy,Sklep internetowy x-kom,2024-02-16/2024-12-31,KEYWORD_INAUTHENTIC_LISTINGS,,"AT, […], SE",0,0,0,0,0,0,0,0,0,0,0,0,0,0
Wszyscy,Sklep internetowy x-kom,2024-02-16/2024-12-31,KEYWORD_INAUTHENTIC_USER_REVIEWS,,"AT, […], SE",0,0,0,0,0,0,0,0,0,0,0,0,0,0
Wszyscy,Sklep internetowy x-kom,2024-02-16/2024-12-31,KEYWORD_PHISHING,,"AT, […], SE",0,0,0,0,0,0,0,0,0,0,0,0,0,0
Wszyscy,Sklep internetowy x-kom,2024-02-16/2024-12-31,KEYWORD_PYRAMID_SCHEMES,,"AT, […], SE",0,0,0,0,0,0,0,0,0,0,0,0,0,0
Wszyscy,Sklep internetowy x-kom,2024-02-16/2024-12-31,KEYWORD_OTHER,Tekst w celu uszczegółowienia słowa kluczowego „Inne”.,"AT, […], SE",0,0,0,0,0,0,0,0,0,0,0,0,0,0
Wszyscy,Sklep internetowy x-kom,2024-02-16/2024-12-31,STATEMENT_CATEGORY_SELF_HARM,,"AT, […], SE",0,0,0,0,0,0,0,0,0,0,0,0,0,0
Wszyscy,Sklep internetowy x-kom,2024-02-16/2024-12-31,KEYWORD_CONTENT_PROMOTING_EATING_DISORDERS,,"AT, […], SE",0,0,0,0,0,0,0,0,0,0,0,0,0,0
Wszyscy,Sklep internetowy x-kom,2024-02-16/2024-12-31,KEYWORD_SELF_MUTILATION,,"AT, […], SE",0,0,0,0,0,0,0,0,0,0,0,0,0,0
Wszyscy,Sklep internetowy x-kom,2024-02-16/2024-12-31,KEYWORD_SUICIDE,,"AT, […], SE",0,0,0,0,0,0,0,0,0,0,0,0,0,0
Wszyscy,Sklep internetowy x-kom,2024-02-16/2024-12-31,KEYWORD_OTHER,Tekst w celu uszczegółowienia słowa kluczowego „Inne”.,"AT, […], SE",0,0,0,0,0,0,0,0,0,0,0,0,0,0
Wszyscy,Sklep internetowy x-kom,2024-02-16/2024-12-31,STATEMENT_CATEGORY_UNSAFE_AND_PROHIBITED_PRODUCTS,,"AT, […], SE",0,0,0,0,0,0,0,0,0,0,0,0,0,0
Wszyscy,Sklep internetowy x-kom,2024-02-16/2024-12-31,KEYWORD_PROHIBITED_PRODUCTS,,"AT, […], SE",0,0,0,0,0,0,0,0,0,0,0,0,0,0
Wszyscy,Sklep internetowy x-kom,2024-02-16/2024-12-31,KEYWORD_UNSAFE_PRODUCTS,,"AT, […], SE",0,0,0,0,0,0,0,0,0,0,0,0,0,0
Wszyscy,Sklep internetowy x-kom,2024-02-16/2024-12-31,KEYWORD_OTHER,Tekst w celu uszczegółowienia słowa kluczowego „Inne”.,"AT, […], SE",0,0,0,0,0,0,0,0,0,0,0,0,0,0
Wszyscy,Sklep internetowy x-kom,2024-02-16/2024-12-31,STATEMENT_CATEGORY_VIOLENCE,,"AT, […], SE",0,0,0,0,0,0,0,0,0,0,0,0,0,0
Wszyscy,Sklep internetowy x-kom,2024-02-16/2024-12-31,KEYWORD_COORDINATED_HARM,,"AT, […], SE",0,0,0,0,0,0,0,0,0,0,0,0,0,0
Wszyscy,Sklep internetowy x-kom,2024-02-16/2024-12-31,KEYWORD_INCITEMENT_VIOLENCE_HATRED,,"AT, […], SE",0,0,0,0,0,0,0,0,0,0,0,0,0,0
Wszyscy,Sklep internetowy x-kom,2024-02-16/2024-12-31,KEYWORD_HUMAN_EXPLOITATION,,"AT, […], SE",0,0,0,0,0,0,0,0,0,0,0,0,0,0
Wszyscy,Sklep internetowy x-kom,2024-02-16/2024-12-31,KEYWORD_HUMAN_TRAFFICKING,,"AT, […], SE",0,0,0,0,0,0,0,0,0,0,0,0,0,0
Wszyscy,Sklep internetowy x-kom,2024-02-16/2024-12-31,KEYWORD_TRAFFICKING_WOMEN_GIRLS,,"AT, […], SE",0,0,0,0,0,0,0,0,0,0,0,0,0,0
Wszyscy,Sklep internetowy x-kom,2024-02-16/2024-12-31,KEYWORD_OTHER,Tekst w celu uszczegółowienia słowa kluczowego „Inne”.,"AT, […], SE",0,0,0,0,0,0,0,0,0,0,0,0,0,0
Wszyscy,Sklep internetowy x-kom,2024-02-16/2024-12-31,STATEMENT_CATEGORY_NOT_SPECIFIED_ORDER,,"AT, […], SE",0,0,0,0,0,0,0,0,0,0,0,0,0,0
